Timestamp,Week,Node,Cell,PRB_Usage_Percentage
2024-05-22 18:00:00,2024-20,BTA El Ensueno,AWS_1,94.0378
2024-05-21 20:00:00,2024-20,BTA El Ensueno,AWS_1,93.855
2024-05-21 19:00:00,2024-20,BTA El Ensueno,AWS_1,93.2214
2024-05-22 19:00:00,2024-20,BTA El Ensueno,AWS_1,92.8304
2024-05-20 21:00:00,2024-20,BTA El Ensueno,AWS_1,91.4408
2024-05-22 20:00:00,2024-20,BTA El Ensueno,AWS_1,91.3988
2024-05-25 21:00:00,2024-20,BTA El Ensueno,AWS_1,90.4398
2024-05-23 18:00:00,2024-20,BTA El Ensueno,AWS_1,90.2608
2024-05-21 21:00:00,2024-20,BTA El Ensueno,AWS_1,90.2164
2024-05-23 20:00:00,2024-20,BTA El Ensueno,AWS_1,90.1328
2024-05-20 20:00:00,2024-20,BTA El Ensueno,AWS_1,89.808
2024-05-20 19:00:00,2024-20,BTA El Ensueno,AWS_1,89.344
2024-05-25 18:00:00,2024-20,BTA El Ensueno,AWS_1,89.3184
2024-05-23 19:00:00,2024-20,BTA El Ensueno,AWS_1,88.3052
2024-05-23 21:00:00,2024-20,BTA El Ensueno,AWS_1,87.6582
2024-05-20 18:00:00,2024-20,BTA El Ensueno,AWS_1,87.3858
2024-05-23 22:00:00,2024-20,BTA El Ensueno,AWS_1,86.9646
2024-05-25 22:00:00,2024-20,BTA El Ensueno,AWS_1,86.9588
2024-05-24 21:00:00,2024-20,BTA El Ensueno,AWS_1,86.906
2024-05-24 17:00:00,2024-20,BTA El Ensueno,AWS_1,86.1178
2024-05-22 13:00:00,2024-20,BTA El Ensueno,AWS_1,86.0322
2024-05-22 17:00:00,2024-20,BTA El Ensueno,AWS_1,85.069
2024-05-25 17:00:00,2024-20,BTA El Ensueno,AWS_1,85.0088
2024-05-22 15:00:00,2024-20,BTA El Ensueno,AWS_1,84.6362
2024-05-20 12:00:00,2024-20,BTA El Ensueno,AWS_1,83.9348
2024-05-25 14:00:00,2024-20,BTA El Ensueno,AWS_1,83.6086
2024-05-22 21:00:00,2024-20,BTA El Ensueno,AWS_1,83.555
2024-05-20 16:00:00,2024-20,BTA El Ensueno,AWS_1,83.188
2024-05-21 22:00:00,2024-20,BTA El Ensueno,AWS_1,82.7906
2024-05-25 19:00:00,2024-20,BTA El Ensueno,AWS_1,82.3942
2024-05-20 13:00:00,2024-20,BTA El Ensueno,AWS_1,81.1986
2024-05-25 15:00:00,2024-20,BTA El Ensueno,AWS_1,79.143
2024-05-22 14:00:00,2024-20,BTA El Ensueno,AWS_1,79.051
2024-05-22 16:00:00,2024-20,BTA El Ensueno,AWS_1,78.8166
2024-05-25 10:00:00,2024-20,BTA El Ensueno,AWS_1,78.2556
2024-05-20 22:00:00,2024-20,BTA El Ensueno,AWS_1,77.8312
2024-05-23 20:00:00,2024-20,BTA El Ensueno,AWS_2,79.934
2024-05-22 14:00:00,2024-20,BTA El Ensueno,AWS_2,74.5684
2024-05-22 20:00:00,2024-20,BTA El Ensueno,AWS_2,73.2748
2024-05-20 21:00:00,2024-20,BTA El Ensueno,AWS_2,73.0638
2024-05-21 21:00:00,2024-20,BTA El Ensueno,AWS_2,72.1438
2024-05-20 20:00:00,2024-20,BTA El Ensueno,AWS_2,71.116
2024-05-22 22:00:00,2024-20,BTA El Ensueno,AWS_2,70.743
2024-05-22 18:00:00,2024-20,BTA El Ensueno,AWS_2,69.1348
2024-05-20 19:00:00,2024-20,BTA El Ensueno,AWS_2,69.043
2024-05-25 17:00:00,2024-20,BTA El Ensueno,AWS_2,69.003
2024-05-22 13:00:00,2024-20,BTA El Ensueno,AWS_2,68.3776
2024-05-25 15:00:00,2024-20,BTA El Ensueno,AWS_2,68.1892
2024-05-22 21:00:00,2024-20,BTA El Ensueno,AWS_2,67.9828
2024-05-23 21:00:00,2024-20,BTA El Ensueno,AWS_2,66.572
2024-05-23 22:00:00,2024-20,BTA El Ensueno,AWS_2,66.4046
2024-05-22 19:00:00,2024-20,BTA El Ensueno,AWS_2,66.2472
2024-05-23 19:00:00,2024-20,BTA El Ensueno,AWS_2,64.9434
2024-05-25 22:00:00,2024-20,BTA El Ensueno,AWS_2,64.2138
2024-05-21 20:00:00,2024-20,BTA El Ensueno,AWS_2,63.6462
2024-05-21 19:00:00,2024-20,BTA El Ensueno,AWS_2,63.4374
2024-05-25 16:00:00,2024-20,BTA El Ensueno,AWS_2,63.4222
2024-05-20 18:00:00,2024-20,BTA El Ensueno,AWS_2,61.5446
2024-05-25 13:00:00,2024-20,BTA El Ensueno,AWS_2,61.00020000000001
2024-05-25 11:00:00,2024-20,BTA El Ensueno,AWS_2,60.3866
2024-05-22 16:00:00,2024-20,BTA El Ensueno,AWS_2,60.3336
2024-05-23 18:00:00,2024-20,BTA El Ensueno,AWS_2,59.8524
2024-05-24 21:00:00,2024-20,BTA El Ensueno,AWS_2,59.5652
2024-05-25 14:00:00,2024-20,BTA El Ensueno,AWS_2,57.456799999999994
2024-05-25 19:00:00,2024-20,BTA El Ensueno,AWS_2,57.0684
2024-05-22 17:00:00,2024-20,BTA El Ensueno,AWS_2,57.059599999999996
2024-05-22 15:00:00,2024-20,BTA El Ensueno,AWS_2,56.7898
2024-05-20 22:00:00,2024-20,BTA El Ensueno,AWS_2,56.61780000000001
2024-05-21 18:00:00,2024-20,BTA El Ensueno,AWS_2,56.2508
2024-05-22 23:00:00,2024-20,BTA El Ensueno,AWS_2,56.117
2024-05-25 20:00:00,2024-20,BTA El Ensueno,AWS_2,55.1904
2024-05-20 13:00:00,2024-20,BTA El Ensueno,AWS_2,54.77219999999999
2024-05-25 19:00:00,2024-20,BTA El Ensueno,AWS_3,93.4192
2024-05-20 21:00:00,2024-20,BTA El Ensueno,AWS_3,92.59
2024-05-22 20:00:00,2024-20,BTA El Ensueno,AWS_3,88.0504
2024-05-23 20:00:00,2024-20,BTA El Ensueno,AWS_3,86.5958
2024-05-23 22:00:00,2024-20,BTA El Ensueno,AWS_3,86.353
2024-05-22 18:00:00,2024-20,BTA El Ensueno,AWS_3,85.8386
2024-05-20 18:00:00,2024-20,BTA El Ensueno,AWS_3,85.7414
2024-05-23 21:00:00,2024-20,BTA El Ensueno,AWS_3,84.7728
2024-05-25 21:00:00,2024-20,BTA El Ensueno,AWS_3,84.7218
2024-05-25 20:00:00,2024-20,BTA El Ensueno,AWS_3,84.5622
2024-05-20 20:00:00,2024-20,BTA El Ensueno,AWS_3,84.2766
2024-05-22 19:00:00,2024-20,BTA El Ensueno,AWS_3,82.7954
2024-05-21 21:00:00,2024-20,BTA El Ensueno,AWS_3,82.425
2024-05-22 17:00:00,2024-20,BTA El Ensueno,AWS_3,79.4442
2024-05-22 22:00:00,2024-20,BTA El Ensueno,AWS_3,79.3416
2024-05-25 09:00:00,2024-20,BTA El Ensueno,AWS_3,78.9768
2024-05-20 17:00:00,2024-20,BTA El Ensueno,AWS_3,78.7984
2024-05-24 21:00:00,2024-20,BTA El Ensueno,AWS_3,78.0448
2024-05-25 18:00:00,2024-20,BTA El Ensueno,AWS_3,77.9524
2024-05-25 13:00:00,2024-20,BTA El Ensueno,AWS_3,77.732
2024-05-23 23:00:00,2024-20,BTA El Ensueno,AWS_3,77.7152
2024-05-25 11:00:00,2024-20,BTA El Ensueno,AWS_3,76.098
2024-05-22 21:00:00,2024-20,BTA El Ensueno,AWS_3,76.0372
2024-05-23 18:00:00,2024-20,BTA El Ensueno,AWS_3,75.971
2024-05-20 19:00:00,2024-20,BTA El Ensueno,AWS_3,75.2046
2024-05-21 22:00:00,2024-20,BTA El Ensueno,AWS_3,74.9412
2024-05-21 19:00:00,2024-20,BTA El Ensueno,AWS_3,74.698
2024-05-24 22:00:00,2024-20,BTA El Ensueno,AWS_3,74.531
2024-05-25 10:00:00,2024-20,BTA El Ensueno,AWS_3,74.342
2024-05-24 20:00:00,2024-20,BTA El Ensueno,AWS_3,74.3002
2024-05-24 14:00:00,2024-20,BTA El Ensueno,AWS_3,74.0858
2024-05-21 20:00:00,2024-20,BTA El Ensueno,AWS_3,73.8214
2024-05-23 19:00:00,2024-20,BTA El Ensueno,AWS_3,73.6914
2024-05-25 15:00:00,2024-20,BTA El Ensueno,AWS_3,72.207
2024-05-25 23:00:00,2024-20,BTA El Ensueno,AWS_3,72.1586
2024-05-25 14:00:00,2024-20,BTA El Ensueno,AWS_3,71.0024
2024-05-20 19:00:00,2024-20,BTA El Ensueno,B28_4,94.4596
2024-05-22 19:00:00,2024-20,BTA El Ensueno,B28_4,94.4442
2024-05-20 21:00:00,2024-20,BTA El Ensueno,B28_4,94.1362
2024-05-21 19:00:00,2024-20,BTA El Ensueno,B28_4,94.0396
2024-05-20 20:00:00,2024-20,BTA El Ensueno,B28_4,92.9372
2024-05-22 21:00:00,2024-20,BTA El Ensueno,B28_4,92.072
2024-05-22 20:00:00,2024-20,BTA El Ensueno,B28_4,92.0542
2024-05-25 22:00:00,2024-20,BTA El Ensueno,B28_4,91.6306
2024-05-23 20:00:00,2024-20,BTA El Ensueno,B28_4,91.2056
2024-05-25 19:00:00,2024-20,BTA El Ensueno,B28_4,91.0118
2024-05-21 20:00:00,2024-20,BTA El Ensueno,B28_4,90.7956
2024-05-21 21:00:00,2024-20,BTA El Ensueno,B28_4,90.1348
2024-05-23 15:00:00,2024-20,BTA El Ensueno,B28_4,89.937
2024-05-25 18:00:00,2024-20,BTA El Ensueno,B28_4,89.9188
2024-05-21 22:00:00,2024-20,BTA El Ensueno,B28_4,89.7424
2024-05-20 18:00:00,2024-20,BTA El Ensueno,B28_4,89.41
2024-05-25 21:00:00,2024-20,BTA El Ensueno,B28_4,89.1028
2024-05-22 15:00:00,2024-20,BTA El Ensueno,B28_4,88.7782
2024-05-22 18:00:00,2024-20,BTA El Ensueno,B28_4,88.613
2024-05-22 22:00:00,2024-20,BTA El Ensueno,B28_4,87.8248
2024-05-23 19:00:00,2024-20,BTA El Ensueno,B28_4,87.5682
2024-05-23 21:00:00,2024-20,BTA El Ensueno,B28_4,86.9082
2024-05-23 18:00:00,2024-20,BTA El Ensueno,B28_4,86.4712
2024-05-25 20:00:00,2024-20,BTA El Ensueno,B28_4,85.516
2024-05-25 17:00:00,2024-20,BTA El Ensueno,B28_4,85.2646
2024-05-24 22:00:00,2024-20,BTA El Ensueno,B28_4,84.9668
2024-05-23 22:00:00,2024-20,BTA El Ensueno,B28_4,84.9118
2024-05-24 20:00:00,2024-20,BTA El Ensueno,B28_4,84.8202
2024-05-24 21:00:00,2024-20,BTA El Ensueno,B28_4,84.496
2024-05-25 14:00:00,2024-20,BTA El Ensueno,B28_4,83.9788
2024-05-23 11:00:00,2024-20,BTA El Ensueno,B28_4,83.4592
2024-05-23 14:00:00,2024-20,BTA El Ensueno,B28_4,82.3318
2024-05-25 15:00:00,2024-20,BTA El Ensueno,B28_4,82.1152
2024-05-22 14:00:00,2024-20,BTA El Ensueno,B28_4,82.0248
2024-05-21 16:00:00,2024-20,BTA El Ensueno,B28_4,81.7008
2024-05-21 18:00:00,2024-20,BTA El Ensueno,B28_4,81.6612
2024-05-22 22:00:00,2024-20,BTA El Ensueno,B28_5,93.8448
2024-05-20 20:00:00,2024-20,BTA El Ensueno,B28_5,90.4092
2024-05-22 20:00:00,2024-20,BTA El Ensueno,B28_5,88.8492
2024-05-22 21:00:00,2024-20,BTA El Ensueno,B28_5,88.1124
2024-05-20 19:00:00,2024-20,BTA El Ensueno,B28_5,87.9058
2024-05-23 20:00:00,2024-20,BTA El Ensueno,B28_5,87.704
2024-05-20 21:00:00,2024-20,BTA El Ensueno,B28_5,87.2918
2024-05-25 18:00:00,2024-20,BTA El Ensueno,B28_5,86.811
2024-05-25 17:00:00,2024-20,BTA El Ensueno,B28_5,86.7724
2024-05-22 18:00:00,2024-20,BTA El Ensueno,B28_5,84.2686
2024-05-25 13:00:00,2024-20,BTA El Ensueno,B28_5,84.0932
2024-05-21 20:00:00,2024-20,BTA El Ensueno,B28_5,83.732
2024-05-22 14:00:00,2024-20,BTA El Ensueno,B28_5,83.499
2024-05-25 22:00:00,2024-20,BTA El Ensueno,B28_5,83.2334
2024-05-23 21:00:00,2024-20,BTA El Ensueno,B28_5,82.8972
2024-05-22 19:00:00,2024-20,BTA El Ensueno,B28_5,82.051
2024-05-25 15:00:00,2024-20,BTA El Ensueno,B28_5,82.0312
2024-05-20 23:00:00,2024-20,BTA El Ensueno,B28_5,81.7112
2024-05-20 18:00:00,2024-20,BTA El Ensueno,B28_5,81.3276
2024-05-23 19:00:00,2024-20,BTA El Ensueno,B28_5,81.2056
2024-05-23 22:00:00,2024-20,BTA El Ensueno,B28_5,80.344
2024-05-25 09:00:00,2024-20,BTA El Ensueno,B28_5,79.7692
2024-05-21 19:00:00,2024-20,BTA El Ensueno,B28_5,79.4556
2024-05-21 22:00:00,2024-20,BTA El Ensueno,B28_5,79.2726
2024-05-21 21:00:00,2024-20,BTA El Ensueno,B28_5,78.5442
2024-05-25 16:00:00,2024-20,BTA El Ensueno,B28_5,78.4172
2024-05-25 11:00:00,2024-20,BTA El Ensueno,B28_5,78.3922
2024-05-24 20:00:00,2024-20,BTA El Ensueno,B28_5,76.6166
2024-05-24 21:00:00,2024-20,BTA El Ensueno,B28_5,75.8578
2024-05-20 22:00:00,2024-20,BTA El Ensueno,B28_5,75.4284
2024-05-25 14:00:00,2024-20,BTA El Ensueno,B28_5,75.2144
2024-05-24 22:00:00,2024-20,BTA El Ensueno,B28_5,74.842
2024-05-23 18:00:00,2024-20,BTA El Ensueno,B28_5,74.429
2024-05-25 19:00:00,2024-20,BTA El Ensueno,B28_5,74.0314
2024-05-20 17:00:00,2024-20,BTA El Ensueno,B28_5,73.4518
2024-05-24 17:00:00,2024-20,BTA El Ensueno,B28_5,73.2336
2024-05-22 21:00:00,2024-20,BTA El Ensueno,B28_6,98.3558
2024-05-25 19:00:00,2024-20,BTA El Ensueno,B28_6,97.5984
2024-05-22 20:00:00,2024-20,BTA El Ensueno,B28_6,97.2944
2024-05-24 22:00:00,2024-20,BTA El Ensueno,B28_6,97.0878
2024-05-25 22:00:00,2024-20,BTA El Ensueno,B28_6,96.9308
2024-05-22 22:00:00,2024-20,BTA El Ensueno,B28_6,96.8698
2024-05-21 21:00:00,2024-20,BTA El Ensueno,B28_6,96.786
2024-05-20 19:00:00,2024-20,BTA El Ensueno,B28_6,96.5126
2024-05-25 21:00:00,2024-20,BTA El Ensueno,B28_6,95.8694
2024-05-20 18:00:00,2024-20,BTA El Ensueno,B28_6,95.8164
2024-05-25 20:00:00,2024-20,BTA El Ensueno,B28_6,95.1058
2024-05-20 17:00:00,2024-20,BTA El Ensueno,B28_6,95.0454
2024-05-25 18:00:00,2024-20,BTA El Ensueno,B28_6,94.6018
2024-05-22 18:00:00,2024-20,BTA El Ensueno,B28_6,94.5808
2024-05-20 20:00:00,2024-20,BTA El Ensueno,B28_6,94.2008
2024-05-21 20:00:00,2024-20,BTA El Ensueno,B28_6,93.834
2024-05-23 21:00:00,2024-20,BTA El Ensueno,B28_6,93.7044
2024-05-22 19:00:00,2024-20,BTA El Ensueno,B28_6,93.335
2024-05-20 21:00:00,2024-20,BTA El Ensueno,B28_6,93.3076
2024-05-24 11:00:00,2024-20,BTA El Ensueno,B28_6,92.8058
2024-05-23 19:00:00,2024-20,BTA El Ensueno,B28_6,92.4376
2024-05-21 19:00:00,2024-20,BTA El Ensueno,B28_6,92.2372
2024-05-21 18:00:00,2024-20,BTA El Ensueno,B28_6,92.1636
2024-05-21 15:00:00,2024-20,BTA El Ensueno,B28_6,91.7038
2024-05-25 11:00:00,2024-20,BTA El Ensueno,B28_6,91.138
2024-05-24 21:00:00,2024-20,BTA El Ensueno,B28_6,90.9592
2024-05-23 15:00:00,2024-20,BTA El Ensueno,B28_6,90.91
2024-05-21 22:00:00,2024-20,BTA El Ensueno,B28_6,90.8936
2024-05-25 23:00:00,2024-20,BTA El Ensueno,B28_6,90.8838
2024-05-25 10:00:00,2024-20,BTA El Ensueno,B28_6,90.3272
2024-05-23 20:00:00,2024-20,BTA El Ensueno,B28_6,89.977
2024-05-23 22:00:00,2024-20,BTA El Ensueno,B28_6,89.8148
2024-05-20 12:00:00,2024-20,BTA El Ensueno,B28_6,89.338
2024-05-23 18:00:00,2024-20,BTA El Ensueno,B28_6,89.1028
2024-05-22 23:00:00,2024-20,BTA El Ensueno,B28_6,87.8182
2024-05-21 17:00:00,2024-20,BTA El Ensueno,B28_6,86.9774
2024-05-22 20:00:00,2024-20,BTA El Ensueno,B7_7,96.5146
2024-05-20 21:00:00,2024-20,BTA El Ensueno,B7_7,95.418
2024-05-20 19:00:00,2024-20,BTA El Ensueno,B7_7,95.0842
2024-05-20 20:00:00,2024-20,BTA El Ensueno,B7_7,93.0768
2024-05-21 21:00:00,2024-20,BTA El Ensueno,B7_7,92.7982
2024-05-21 20:00:00,2024-20,BTA El Ensueno,B7_7,92.574
2024-05-22 19:00:00,2024-20,BTA El Ensueno,B7_7,92.541
2024-05-21 19:00:00,2024-20,BTA El Ensueno,B7_7,91.7374
2024-05-25 21:00:00,2024-20,BTA El Ensueno,B7_7,91.375
2024-05-22 21:00:00,2024-20,BTA El Ensueno,B7_7,90.9138
2024-05-23 19:00:00,2024-20,BTA El Ensueno,B7_7,90.789
2024-05-20 18:00:00,2024-20,BTA El Ensueno,B7_7,90.678
2024-05-25 18:00:00,2024-20,BTA El Ensueno,B7_7,89.5154
2024-05-22 18:00:00,2024-20,BTA El Ensueno,B7_7,88.9682
2024-05-23 20:00:00,2024-20,BTA El Ensueno,B7_7,88.9422
2024-05-25 17:00:00,2024-20,BTA El Ensueno,B7_7,88.906
2024-05-24 21:00:00,2024-20,BTA El Ensueno,B7_7,88.3202
2024-05-25 22:00:00,2024-20,BTA El Ensueno,B7_7,88.3042
2024-05-22 17:00:00,2024-20,BTA El Ensueno,B7_7,87.6182
2024-05-20 16:00:00,2024-20,BTA El Ensueno,B7_7,87.4124
2024-05-23 21:00:00,2024-20,BTA El Ensueno,B7_7,85.7954
2024-05-23 18:00:00,2024-20,BTA El Ensueno,B7_7,85.643
2024-05-22 22:00:00,2024-20,BTA El Ensueno,B7_7,85.0826
2024-05-21 18:00:00,2024-20,BTA El Ensueno,B7_7,84.5124
2024-05-25 15:00:00,2024-20,BTA El Ensueno,B7_7,84.0404
2024-05-25 09:00:00,2024-20,BTA El Ensueno,B7_7,83.9868
2024-05-25 19:00:00,2024-20,BTA El Ensueno,B7_7,83.8324
2024-05-20 11:00:00,2024-20,BTA El Ensueno,B7_7,83.1748
2024-05-22 13:00:00,2024-20,BTA El Ensueno,B7_7,83.1402
2024-05-24 19:00:00,2024-20,BTA El Ensueno,B7_7,83.0278
2024-05-21 22:00:00,2024-20,BTA El Ensueno,B7_7,82.5438
2024-05-25 20:00:00,2024-20,BTA El Ensueno,B7_7,82.1648
2024-05-25 16:00:00,2024-20,BTA El Ensueno,B7_7,82.0948
2024-05-25 23:00:00,2024-20,BTA El Ensueno,B7_7,81.9802
2024-05-20 13:00:00,2024-20,BTA El Ensueno,B7_7,81.8014
2024-05-20 14:00:00,2024-20,BTA El Ensueno,B7_7,81.4008
2024-05-23 20:00:00,2024-20,BTA El Ensueno,B7_8,89.2002
2024-05-22 18:00:00,2024-20,BTA El Ensueno,B7_8,83.8564
2024-05-20 17:00:00,2024-20,BTA El Ensueno,B7_8,80.5556
2024-05-22 22:00:00,2024-20,BTA El Ensueno,B7_8,80.475
2024-05-21 21:00:00,2024-20,BTA El Ensueno,B7_8,78.7208
2024-05-25 09:00:00,2024-20,BTA El Ensueno,B7_8,78.4278
2024-05-20 20:00:00,2024-20,BTA El Ensueno,B7_8,77.5244
2024-05-22 20:00:00,2024-20,BTA El Ensueno,B7_8,77.3198
2024-05-22 14:00:00,2024-20,BTA El Ensueno,B7_8,77.0382
2024-05-23 19:00:00,2024-20,BTA El Ensueno,B7_8,76.3258
2024-05-22 19:00:00,2024-20,BTA El Ensueno,B7_8,75.4802
2024-05-22 21:00:00,2024-20,BTA El Ensueno,B7_8,74.8036
2024-05-25 18:00:00,2024-20,BTA El Ensueno,B7_8,74.1472
2024-05-20 18:00:00,2024-20,BTA El Ensueno,B7_8,73.3554
2024-05-20 19:00:00,2024-20,BTA El Ensueno,B7_8,73.0234
2024-05-23 22:00:00,2024-20,BTA El Ensueno,B7_8,72.9234
2024-05-25 17:00:00,2024-20,BTA El Ensueno,B7_8,72.5512
2024-05-25 11:00:00,2024-20,BTA El Ensueno,B7_8,72.4638
2024-05-25 22:00:00,2024-20,BTA El Ensueno,B7_8,71.5848
2024-05-23 21:00:00,2024-20,BTA El Ensueno,B7_8,71.431
2024-05-24 21:00:00,2024-20,BTA El Ensueno,B7_8,71.147
2024-05-20 21:00:00,2024-20,BTA El Ensueno,B7_8,70.6514
2024-05-22 13:00:00,2024-20,BTA El Ensueno,B7_8,70.184
2024-05-21 20:00:00,2024-20,BTA El Ensueno,B7_8,70.1234
2024-05-22 11:00:00,2024-20,BTA El Ensueno,B7_8,68.7258
2024-05-25 16:00:00,2024-20,BTA El Ensueno,B7_8,68.6588
2024-05-21 19:00:00,2024-20,BTA El Ensueno,B7_8,66.8778
2024-05-21 18:00:00,2024-20,BTA El Ensueno,B7_8,66.1676
2024-05-25 19:00:00,2024-20,BTA El Ensueno,B7_8,65.1754
2024-05-25 15:00:00,2024-20,BTA El Ensueno,B7_8,65.111
2024-05-21 22:00:00,2024-20,BTA El Ensueno,B7_8,64.3518
2024-05-25 20:00:00,2024-20,BTA El Ensueno,B7_8,64.173
2024-05-23 18:00:00,2024-20,BTA El Ensueno,B7_8,64.0146
2024-05-25 10:00:00,2024-20,BTA El Ensueno,B7_8,63.9308
2024-05-25 23:00:00,2024-20,BTA El Ensueno,B7_8,63.15120000000001
2024-05-20 23:00:00,2024-20,BTA El Ensueno,B7_8,63.024800000000006
2024-05-20 21:00:00,2024-20,BTA El Ensueno,B7_9,90.1332
2024-05-20 20:00:00,2024-20,BTA El Ensueno,B7_9,89.5178
2024-05-22 20:00:00,2024-20,BTA El Ensueno,B7_9,83.0586
2024-05-22 18:00:00,2024-20,BTA El Ensueno,B7_9,82.9016
2024-05-23 20:00:00,2024-20,BTA El Ensueno,B7_9,81.7276
2024-05-23 21:00:00,2024-20,BTA El Ensueno,B7_9,81.2674
2024-05-20 18:00:00,2024-20,BTA El Ensueno,B7_9,80.4618
2024-05-22 22:00:00,2024-20,BTA El Ensueno,B7_9,80.1296
2024-05-22 21:00:00,2024-20,BTA El Ensueno,B7_9,79.5954
2024-05-22 17:00:00,2024-20,BTA El Ensueno,B7_9,79.1966
2024-05-24 21:00:00,2024-20,BTA El Ensueno,B7_9,79.026
2024-05-20 19:00:00,2024-20,BTA El Ensueno,B7_9,78.4928
2024-05-25 10:00:00,2024-20,BTA El Ensueno,B7_9,78.1416
2024-05-25 18:00:00,2024-20,BTA El Ensueno,B7_9,77.7812
2024-05-23 22:00:00,2024-20,BTA El Ensueno,B7_9,77.1652
2024-05-21 19:00:00,2024-20,BTA El Ensueno,B7_9,76.8042
2024-05-25 20:00:00,2024-20,BTA El Ensueno,B7_9,76.0142
2024-05-25 09:00:00,2024-20,BTA El Ensueno,B7_9,75.4766
2024-05-23 19:00:00,2024-20,BTA El Ensueno,B7_9,75.0296
2024-05-22 19:00:00,2024-20,BTA El Ensueno,B7_9,74.041
2024-05-25 19:00:00,2024-20,BTA El Ensueno,B7_9,73.7192
2024-05-20 17:00:00,2024-20,BTA El Ensueno,B7_9,73.1388
2024-05-24 20:00:00,2024-20,BTA El Ensueno,B7_9,73.1374
2024-05-25 13:00:00,2024-20,BTA El Ensueno,B7_9,72.64
2024-05-21 21:00:00,2024-20,BTA El Ensueno,B7_9,71.3898
2024-05-23 23:00:00,2024-20,BTA El Ensueno,B7_9,71.1306
2024-05-25 11:00:00,2024-20,BTA El Ensueno,B7_9,70.4098
2024-05-25 21:00:00,2024-20,BTA El Ensueno,B7_9,70.1714
2024-05-21 20:00:00,2024-20,BTA El Ensueno,B7_9,68.778
2024-05-23 18:00:00,2024-20,BTA El Ensueno,B7_9,67.1672
2024-05-24 22:00:00,2024-20,BTA El Ensueno,B7_9,67.0562
2024-05-21 18:00:00,2024-20,BTA El Ensueno,B7_9,65.991
2024-05-21 22:00:00,2024-20,BTA El Ensueno,B7_9,65.8436
2024-05-24 14:00:00,2024-20,BTA El Ensueno,B7_9,64.4732
2024-05-23 13:00:00,2024-20,BTA El Ensueno,B7_9,63.9366
2024-05-22 23:00:00,2024-20,BTA El Ensueno,B7_9,63.1116
2024-06-01 21:00:00,2024-21,BTA El Ensueno,AWS_1,98.4152
2024-06-01 19:00:00,2024-21,BTA El Ensueno,AWS_1,98.1254
2024-06-01 20:00:00,2024-21,BTA El Ensueno,AWS_1,98.1194
2024-06-01 15:00:00,2024-21,BTA El Ensueno,AWS_1,98.0802
2024-06-01 17:00:00,2024-21,BTA El Ensueno,AWS_1,97.0634
2024-06-01 14:00:00,2024-21,BTA El Ensueno,AWS_1,97.0426
2024-06-01 18:00:00,2024-21,BTA El Ensueno,AWS_1,96.5546
2024-06-01 13:00:00,2024-21,BTA El Ensueno,AWS_1,95.4628
2024-06-01 22:00:00,2024-21,BTA El Ensueno,AWS_1,94.972
2024-06-01 10:00:00,2024-21,BTA El Ensueno,AWS_1,94.7324
2024-05-30 20:00:00,2024-21,BTA El Ensueno,AWS_1,93.622
2024-05-26 21:00:00,2024-21,BTA El Ensueno,AWS_1,93.1708
2024-06-01 16:00:00,2024-21,BTA El Ensueno,AWS_1,93.1318
2024-06-01 11:00:00,2024-21,BTA El Ensueno,AWS_1,92.9828
2024-05-27 21:00:00,2024-21,BTA El Ensueno,AWS_1,92.7664
2024-06-01 12:00:00,2024-21,BTA El Ensueno,AWS_1,92.3546
2024-05-28 21:00:00,2024-21,BTA El Ensueno,AWS_1,92.0796
2024-05-26 20:00:00,2024-21,BTA El Ensueno,AWS_1,91.677
2024-05-29 21:00:00,2024-21,BTA El Ensueno,AWS_1,91.643
2024-05-26 18:00:00,2024-21,BTA El Ensueno,AWS_1,91.4498
2024-05-30 21:00:00,2024-21,BTA El Ensueno,AWS_1,91.0486
2024-05-27 17:00:00,2024-21,BTA El Ensueno,AWS_1,90.9294
2024-05-27 18:00:00,2024-21,BTA El Ensueno,AWS_1,90.4408
2024-05-29 18:00:00,2024-21,BTA El Ensueno,AWS_1,90.079
2024-05-30 12:00:00,2024-21,BTA El Ensueno,AWS_1,90.0112
2024-05-29 19:00:00,2024-21,BTA El Ensueno,AWS_1,89.4546
2024-05-26 19:00:00,2024-21,BTA El Ensueno,AWS_1,89.0216
2024-05-27 20:00:00,2024-21,BTA El Ensueno,AWS_1,88.4558
2024-05-27 19:00:00,2024-21,BTA El Ensueno,AWS_1,87.7138
2024-05-31 20:00:00,2024-21,BTA El Ensueno,AWS_1,87.5824
2024-05-30 19:00:00,2024-21,BTA El Ensueno,AWS_1,87.4106
2024-05-30 18:00:00,2024-21,BTA El Ensueno,AWS_1,87.2724
2024-05-31 19:00:00,2024-21,BTA El Ensueno,AWS_1,86.799
2024-05-31 21:00:00,2024-21,BTA El Ensueno,AWS_1,85.6156
2024-05-28 18:00:00,2024-21,BTA El Ensueno,AWS_1,84.8436
2024-05-27 16:00:00,2024-21,BTA El Ensueno,AWS_1,84.4446
2024-05-31 22:00:00,2024-21,BTA El Ensueno,AWS_1,84.156
2024-05-28 19:00:00,2024-21,BTA El Ensueno,AWS_1,84.1028
2024-06-01 23:00:00,2024-21,BTA El Ensueno,AWS_1,84.0364
2024-05-28 17:00:00,2024-21,BTA El Ensueno,AWS_1,82.982
2024-05-29 20:00:00,2024-21,BTA El Ensueno,AWS_1,82.9592
2024-05-26 17:00:00,2024-21,BTA El Ensueno,AWS_1,82.9548
2024-05-28 16:00:00,2024-21,BTA El Ensueno,AWS_2,91.4858
2024-05-29 19:00:00,2024-21,BTA El Ensueno,AWS_2,82.5454
2024-05-31 20:00:00,2024-21,BTA El Ensueno,AWS_2,82.3036
2024-05-26 15:00:00,2024-21,BTA El Ensueno,AWS_2,81.7768
2024-05-28 17:00:00,2024-21,BTA El Ensueno,AWS_2,81.7542
2024-05-30 18:00:00,2024-21,BTA El Ensueno,AWS_2,81.4036
2024-05-30 20:00:00,2024-21,BTA El Ensueno,AWS_2,79.23
2024-05-30 21:00:00,2024-21,BTA El Ensueno,AWS_2,77.3574
2024-05-27 21:00:00,2024-21,BTA El Ensueno,AWS_2,77.2834
2024-05-28 22:00:00,2024-21,BTA El Ensueno,AWS_2,77.1564
2024-05-28 19:00:00,2024-21,BTA El Ensueno,AWS_2,74.8278
2024-05-30 19:00:00,2024-21,BTA El Ensueno,AWS_2,74.3436
2024-05-26 14:00:00,2024-21,BTA El Ensueno,AWS_2,73.7914
2024-05-28 15:00:00,2024-21,BTA El Ensueno,AWS_2,73.5088
2024-05-28 21:00:00,2024-21,BTA El Ensueno,AWS_2,73.3458
2024-05-28 18:00:00,2024-21,BTA El Ensueno,AWS_2,72.268
2024-05-29 21:00:00,2024-21,BTA El Ensueno,AWS_2,72.2294
2024-05-29 22:00:00,2024-21,BTA El Ensueno,AWS_2,71.4914
2024-05-28 20:00:00,2024-21,BTA El Ensueno,AWS_2,71.1818
2024-05-26 18:00:00,2024-21,BTA El Ensueno,AWS_2,71.1462
2024-06-01 22:00:00,2024-21,BTA El Ensueno,AWS_2,70.2712
2024-05-30 22:00:00,2024-21,BTA El Ensueno,AWS_2,69.3092
2024-05-27 20:00:00,2024-21,BTA El Ensueno,AWS_2,69.204
2024-05-26 19:00:00,2024-21,BTA El Ensueno,AWS_2,66.9988
2024-05-26 20:00:00,2024-21,BTA El Ensueno,AWS_2,66.7572
2024-05-27 19:00:00,2024-21,BTA El Ensueno,AWS_2,66.1144
2024-05-26 10:00:00,2024-21,BTA El Ensueno,AWS_2,66.0982
2024-06-01 21:00:00,2024-21,BTA El Ensueno,AWS_2,64.5168
2024-06-01 15:00:00,2024-21,BTA El Ensueno,AWS_2,64.4984
2024-05-29 17:00:00,2024-21,BTA El Ensueno,AWS_2,64.191
2024-06-01 19:00:00,2024-21,BTA El Ensueno,AWS_2,63.6374
2024-05-31 19:00:00,2024-21,BTA El Ensueno,AWS_2,63.3588
2024-05-30 10:00:00,2024-21,BTA El Ensueno,AWS_2,63.26199999999999
2024-05-26 13:00:00,2024-21,BTA El Ensueno,AWS_2,63.1622
2024-05-29 20:00:00,2024-21,BTA El Ensueno,AWS_2,62.61760000000001
2024-05-26 21:00:00,2024-21,BTA El Ensueno,AWS_2,62.4404
2024-06-01 23:00:00,2024-21,BTA El Ensueno,AWS_2,62.1758
2024-06-01 20:00:00,2024-21,BTA El Ensueno,AWS_2,61.88020000000001
2024-05-27 22:00:00,2024-21,BTA El Ensueno,AWS_2,61.5428
2024-05-30 17:00:00,2024-21,BTA El Ensueno,AWS_2,60.3026
2024-05-26 12:00:00,2024-21,BTA El Ensueno,AWS_2,60.2174
2024-05-27 18:00:00,2024-21,BTA El Ensueno,AWS_2,59.83339999999999
2024-05-26 19:00:00,2024-21,BTA El Ensueno,AWS_3,94.0212
2024-05-26 21:00:00,2024-21,BTA El Ensueno,AWS_3,92.7022
2024-05-29 21:00:00,2024-21,BTA El Ensueno,AWS_3,90.278
2024-05-26 20:00:00,2024-21,BTA El Ensueno,AWS_3,88.244
2024-05-27 22:00:00,2024-21,BTA El Ensueno,AWS_3,87.905
2024-05-29 22:00:00,2024-21,BTA El Ensueno,AWS_3,87.3204
2024-06-01 18:00:00,2024-21,BTA El Ensueno,AWS_3,87.1952
2024-06-01 21:00:00,2024-21,BTA El Ensueno,AWS_3,86.8836
2024-05-28 21:00:00,2024-21,BTA El Ensueno,AWS_3,86.3614
2024-05-29 19:00:00,2024-21,BTA El Ensueno,AWS_3,85.9588
2024-05-26 18:00:00,2024-21,BTA El Ensueno,AWS_3,85.6478
2024-05-29 20:00:00,2024-21,BTA El Ensueno,AWS_3,85.2172
2024-05-30 21:00:00,2024-21,BTA El Ensueno,AWS_3,85.139
2024-05-30 22:00:00,2024-21,BTA El Ensueno,AWS_3,83.9172
2024-05-28 19:00:00,2024-21,BTA El Ensueno,AWS_3,83.823
2024-05-27 21:00:00,2024-21,BTA El Ensueno,AWS_3,83.7688
2024-05-29 18:00:00,2024-21,BTA El Ensueno,AWS_3,83.1708
2024-05-26 22:00:00,2024-21,BTA El Ensueno,AWS_3,81.5988
2024-06-01 22:00:00,2024-21,BTA El Ensueno,AWS_3,80.8386
2024-05-28 22:00:00,2024-21,BTA El Ensueno,AWS_3,80.1702
2024-05-30 18:00:00,2024-21,BTA El Ensueno,AWS_3,80.0026
2024-06-01 19:00:00,2024-21,BTA El Ensueno,AWS_3,79.8502
2024-05-27 19:00:00,2024-21,BTA El Ensueno,AWS_3,79.8376
2024-05-26 17:00:00,2024-21,BTA El Ensueno,AWS_3,79.3058
2024-05-26 16:00:00,2024-21,BTA El Ensueno,AWS_3,78.9356
2024-06-01 20:00:00,2024-21,BTA El Ensueno,AWS_3,78.6518
2024-05-29 15:00:00,2024-21,BTA El Ensueno,AWS_3,78.365
2024-05-30 20:00:00,2024-21,BTA El Ensueno,AWS_3,78.2848
2024-05-31 21:00:00,2024-21,BTA El Ensueno,AWS_3,78.264
2024-05-28 18:00:00,2024-21,BTA El Ensueno,AWS_3,78.1856
2024-06-01 15:00:00,2024-21,BTA El Ensueno,AWS_3,78.1316
2024-06-01 17:00:00,2024-21,BTA El Ensueno,AWS_3,77.8162
2024-05-27 20:00:00,2024-21,BTA El Ensueno,AWS_3,77.2582
2024-05-30 19:00:00,2024-21,BTA El Ensueno,AWS_3,76.6926
2024-05-29 17:00:00,2024-21,BTA El Ensueno,AWS_3,76.4512
2024-05-30 14:00:00,2024-21,BTA El Ensueno,AWS_3,76.0358
2024-05-31 18:00:00,2024-21,BTA El Ensueno,AWS_3,75.8206
2024-05-31 22:00:00,2024-21,BTA El Ensueno,AWS_3,75.758
2024-05-31 19:00:00,2024-21,BTA El Ensueno,AWS_3,75.5792
2024-05-31 16:00:00,2024-21,BTA El Ensueno,AWS_3,74.2084
2024-05-30 15:00:00,2024-21,BTA El Ensueno,AWS_3,74.1736
2024-05-26 10:00:00,2024-21,BTA El Ensueno,AWS_3,73.8928
2024-06-01 14:00:00,2024-21,BTA El Ensueno,B28_4,98.718
2024-06-01 21:00:00,2024-21,BTA El Ensueno,B28_4,98.5586
2024-06-01 20:00:00,2024-21,BTA El Ensueno,B28_4,98.3406
2024-06-01 22:00:00,2024-21,BTA El Ensueno,B28_4,98.1754
2024-06-01 19:00:00,2024-21,BTA El Ensueno,B28_4,98.088
2024-06-01 15:00:00,2024-21,BTA El Ensueno,B28_4,97.4188
2024-06-01 13:00:00,2024-21,BTA El Ensueno,B28_4,97.3592
2024-06-01 10:00:00,2024-21,BTA El Ensueno,B28_4,97.1722
2024-05-30 20:00:00,2024-21,BTA El Ensueno,B28_4,97.125
2024-06-01 17:00:00,2024-21,BTA El Ensueno,B28_4,97.0336
2024-06-01 18:00:00,2024-21,BTA El Ensueno,B28_4,96.7334
2024-06-01 12:00:00,2024-21,BTA El Ensueno,B28_4,96.5648
2024-06-01 11:00:00,2024-21,BTA El Ensueno,B28_4,94.963
2024-06-01 16:00:00,2024-21,BTA El Ensueno,B28_4,94.9048
2024-05-26 22:00:00,2024-21,BTA El Ensueno,B28_4,94.8082
2024-05-30 21:00:00,2024-21,BTA El Ensueno,B28_4,94.242
2024-05-27 21:00:00,2024-21,BTA El Ensueno,B28_4,93.8928
2024-05-28 21:00:00,2024-21,BTA El Ensueno,B28_4,93.0174
2024-05-27 20:00:00,2024-21,BTA El Ensueno,B28_4,92.9296
2024-05-27 19:00:00,2024-21,BTA El Ensueno,B28_4,92.3954
2024-06-01 23:00:00,2024-21,BTA El Ensueno,B28_4,92.2078
2024-05-26 19:00:00,2024-21,BTA El Ensueno,B28_4,92.1826
2024-05-31 21:00:00,2024-21,BTA El Ensueno,B28_4,91.971
2024-05-30 18:00:00,2024-21,BTA El Ensueno,B28_4,91.1172
2024-05-27 22:00:00,2024-21,BTA El Ensueno,B28_4,91.1026
2024-05-26 21:00:00,2024-21,BTA El Ensueno,B28_4,91.0622
2024-05-30 19:00:00,2024-21,BTA El Ensueno,B28_4,91.0282
2024-05-28 22:00:00,2024-21,BTA El Ensueno,B28_4,90.022
2024-05-29 19:00:00,2024-21,BTA El Ensueno,B28_4,89.9642
2024-05-26 18:00:00,2024-21,BTA El Ensueno,B28_4,89.2556
2024-05-31 20:00:00,2024-21,BTA El Ensueno,B28_4,88.967
2024-05-29 22:00:00,2024-21,BTA El Ensueno,B28_4,88.8618
2024-05-29 18:00:00,2024-21,BTA El Ensueno,B28_4,88.5112
2024-05-27 18:00:00,2024-21,BTA El Ensueno,B28_4,88.3166
2024-05-29 21:00:00,2024-21,BTA El Ensueno,B28_4,88.2764
2024-05-31 22:00:00,2024-21,BTA El Ensueno,B28_4,87.9898
2024-05-26 20:00:00,2024-21,BTA El Ensueno,B28_4,87.8584
2024-05-31 19:00:00,2024-21,BTA El Ensueno,B28_4,87.4536
2024-05-28 20:00:00,2024-21,BTA El Ensueno,B28_4,87.2626
2024-05-27 17:00:00,2024-21,BTA El Ensueno,B28_4,86.4838
2024-05-29 20:00:00,2024-21,BTA El Ensueno,B28_4,86.305
2024-05-28 18:00:00,2024-21,BTA El Ensueno,B28_4,86.0598
2024-05-30 20:00:00,2024-21,BTA El Ensueno,B28_5,95.3504
2024-05-26 15:00:00,2024-21,BTA El Ensueno,B28_5,95.1926
2024-05-28 22:00:00,2024-21,BTA El Ensueno,B28_5,94.3348
2024-05-30 21:00:00,2024-21,BTA El Ensueno,B28_5,94.2566
2024-05-30 22:00:00,2024-21,BTA El Ensueno,B28_5,94.1236
2024-05-30 19:00:00,2024-21,BTA El Ensueno,B28_5,92.6824
2024-06-01 13:00:00,2024-21,BTA El Ensueno,B28_5,92.551
2024-05-30 16:00:00,2024-21,BTA El Ensueno,B28_5,91.161
2024-05-27 21:00:00,2024-21,BTA El Ensueno,B28_5,90.8524
2024-05-30 18:00:00,2024-21,BTA El Ensueno,B28_5,90.2334
2024-05-28 21:00:00,2024-21,BTA El Ensueno,B28_5,89.8186
2024-05-27 20:00:00,2024-21,BTA El Ensueno,B28_5,89.7562
2024-06-01 20:00:00,2024-21,BTA El Ensueno,B28_5,88.7648
2024-06-01 22:00:00,2024-21,BTA El Ensueno,B28_5,88.5244
2024-05-26 11:00:00,2024-21,BTA El Ensueno,B28_5,88.2986
2024-05-26 18:00:00,2024-21,BTA El Ensueno,B28_5,87.899
2024-05-26 19:00:00,2024-21,BTA El Ensueno,B28_5,86.8096
2024-05-26 14:00:00,2024-21,BTA El Ensueno,B28_5,86.7024
2024-05-31 20:00:00,2024-21,BTA El Ensueno,B28_5,85.776
2024-05-30 17:00:00,2024-21,BTA El Ensueno,B28_5,85.7266
2024-05-27 22:00:00,2024-21,BTA El Ensueno,B28_5,84.7824
2024-06-01 21:00:00,2024-21,BTA El Ensueno,B28_5,84.7784
2024-05-26 20:00:00,2024-21,BTA El Ensueno,B28_5,83.727
2024-06-01 18:00:00,2024-21,BTA El Ensueno,B28_5,83.6428
2024-06-01 15:00:00,2024-21,BTA El Ensueno,B28_5,82.801
2024-05-26 21:00:00,2024-21,BTA El Ensueno,B28_5,82.4666
2024-05-28 19:00:00,2024-21,BTA El Ensueno,B28_5,82.2426
2024-05-31 22:00:00,2024-21,BTA El Ensueno,B28_5,81.9348
2024-05-30 23:00:00,2024-21,BTA El Ensueno,B28_5,81.744
2024-05-28 20:00:00,2024-21,BTA El Ensueno,B28_5,81.4268
2024-05-27 19:00:00,2024-21,BTA El Ensueno,B28_5,80.71
2024-05-28 17:00:00,2024-21,BTA El Ensueno,B28_5,79.5996
2024-05-26 10:00:00,2024-21,BTA El Ensueno,B28_5,79.3554
2024-05-26 12:00:00,2024-21,BTA El Ensueno,B28_5,79.0712
2024-05-31 21:00:00,2024-21,BTA El Ensueno,B28_5,79.05
2024-05-26 16:00:00,2024-21,BTA El Ensueno,B28_5,77.3418
2024-06-01 19:00:00,2024-21,BTA El Ensueno,B28_5,76.719
2024-05-30 15:00:00,2024-21,BTA El Ensueno,B28_5,76.494
2024-05-29 16:00:00,2024-21,BTA El Ensueno,B28_5,76.3732
2024-05-28 18:00:00,2024-21,BTA El Ensueno,B28_5,75.6818
2024-05-31 10:00:00,2024-21,BTA El Ensueno,B28_5,75.1082
2024-05-29 18:00:00,2024-21,BTA El Ensueno,B28_5,74.9108
2024-05-27 21:00:00,2024-21,BTA El Ensueno,B28_6,98.2184
2024-06-01 22:00:00,2024-21,BTA El Ensueno,B28_6,97.198
2024-06-01 20:00:00,2024-21,BTA El Ensueno,B28_6,97.007
2024-05-26 18:00:00,2024-21,BTA El Ensueno,B28_6,97.0062
2024-05-30 20:00:00,2024-21,BTA El Ensueno,B28_6,97.0008
2024-05-30 21:00:00,2024-21,BTA El Ensueno,B28_6,96.8138
2024-05-26 19:00:00,2024-21,BTA El Ensueno,B28_6,96.6414
2024-05-28 22:00:00,2024-21,BTA El Ensueno,B28_6,96.4672
2024-05-29 21:00:00,2024-21,BTA El Ensueno,B28_6,95.9756
2024-05-26 21:00:00,2024-21,BTA El Ensueno,B28_6,95.8872
2024-05-27 22:00:00,2024-21,BTA El Ensueno,B28_6,95.629
2024-05-28 23:00:00,2024-21,BTA El Ensueno,B28_6,95.2406
2024-05-28 21:00:00,2024-21,BTA El Ensueno,B28_6,95.1978
2024-05-30 22:00:00,2024-21,BTA El Ensueno,B28_6,95.142
2024-05-26 22:00:00,2024-21,BTA El Ensueno,B28_6,95.102
2024-06-01 21:00:00,2024-21,BTA El Ensueno,B28_6,94.618
2024-05-27 19:00:00,2024-21,BTA El Ensueno,B28_6,94.465
2024-06-01 19:00:00,2024-21,BTA El Ensueno,B28_6,94.3172
2024-06-01 23:00:00,2024-21,BTA El Ensueno,B28_6,94.2108
2024-05-26 20:00:00,2024-21,BTA El Ensueno,B28_6,94.1216
2024-05-30 19:00:00,2024-21,BTA El Ensueno,B28_6,94.0408
2024-05-27 20:00:00,2024-21,BTA El Ensueno,B28_6,93.8214
2024-05-26 10:00:00,2024-21,BTA El Ensueno,B28_6,93.515
2024-05-29 22:00:00,2024-21,BTA El Ensueno,B28_6,93.3232
2024-05-29 19:00:00,2024-21,BTA El Ensueno,B28_6,93.2106
2024-05-28 19:00:00,2024-21,BTA El Ensueno,B28_6,93.066
2024-05-26 16:00:00,2024-21,BTA El Ensueno,B28_6,92.8016
2024-05-30 18:00:00,2024-21,BTA El Ensueno,B28_6,92.7006
2024-05-28 16:00:00,2024-21,BTA El Ensueno,B28_6,92.6374
2024-05-29 20:00:00,2024-21,BTA El Ensueno,B28_6,92.5578
2024-06-01 18:00:00,2024-21,BTA El Ensueno,B28_6,92.3182
2024-05-28 20:00:00,2024-21,BTA El Ensueno,B28_6,92.2632
2024-06-01 10:00:00,2024-21,BTA El Ensueno,B28_6,92.143
2024-05-29 18:00:00,2024-21,BTA El Ensueno,B28_6,91.688
2024-05-31 18:00:00,2024-21,BTA El Ensueno,B28_6,91.1782
2024-05-31 20:00:00,2024-21,BTA El Ensueno,B28_6,90.145
2024-05-27 23:00:00,2024-21,BTA El Ensueno,B28_6,89.6464
2024-05-26 15:00:00,2024-21,BTA El Ensueno,B28_6,89.3964
2024-05-28 17:00:00,2024-21,BTA El Ensueno,B28_6,88.6382
2024-05-28 18:00:00,2024-21,BTA El Ensueno,B28_6,88.4892
2024-05-31 19:00:00,2024-21,BTA El Ensueno,B28_6,88.268
2024-06-01 14:00:00,2024-21,BTA El Ensueno,B28_6,87.7782
2024-06-01 14:00:00,2024-21,BTA El Ensueno,B7_7,98.4954
2024-06-01 19:00:00,2024-21,BTA El Ensueno,B7_7,98.4262
2024-06-01 21:00:00,2024-21,BTA El Ensueno,B7_7,98.1172
2024-06-01 20:00:00,2024-21,BTA El Ensueno,B7_7,97.4106
2024-06-01 15:00:00,2024-21,BTA El Ensueno,B7_7,96.8972
2024-05-30 20:00:00,2024-21,BTA El Ensueno,B7_7,96.51
2024-06-01 13:00:00,2024-21,BTA El Ensueno,B7_7,96.1886
2024-06-01 12:00:00,2024-21,BTA El Ensueno,B7_7,96.0476
2024-05-28 21:00:00,2024-21,BTA El Ensueno,B7_7,95.539
2024-06-01 17:00:00,2024-21,BTA El Ensueno,B7_7,95.3204
2024-05-30 19:00:00,2024-21,BTA El Ensueno,B7_7,94.633
2024-06-01 22:00:00,2024-21,BTA El Ensueno,B7_7,94.4308
2024-06-01 10:00:00,2024-21,BTA El Ensueno,B7_7,93.5206
2024-05-26 18:00:00,2024-21,BTA El Ensueno,B7_7,93.482
2024-06-01 18:00:00,2024-21,BTA El Ensueno,B7_7,93.3114
2024-05-26 21:00:00,2024-21,BTA El Ensueno,B7_7,92.909
2024-06-01 16:00:00,2024-21,BTA El Ensueno,B7_7,92.663
2024-05-29 19:00:00,2024-21,BTA El Ensueno,B7_7,92.626
2024-05-26 19:00:00,2024-21,BTA El Ensueno,B7_7,92.3846
2024-05-30 21:00:00,2024-21,BTA El Ensueno,B7_7,92.2432
2024-05-28 20:00:00,2024-21,BTA El Ensueno,B7_7,91.9664
2024-05-27 21:00:00,2024-21,BTA El Ensueno,B7_7,91.8078
2024-05-31 19:00:00,2024-21,BTA El Ensueno,B7_7,91.5236
2024-05-27 20:00:00,2024-21,BTA El Ensueno,B7_7,91.3656
2024-05-26 20:00:00,2024-21,BTA El Ensueno,B7_7,91.2854
2024-05-29 21:00:00,2024-21,BTA El Ensueno,B7_7,91.2378
2024-05-31 21:00:00,2024-21,BTA El Ensueno,B7_7,91.2024
2024-05-29 20:00:00,2024-21,BTA El Ensueno,B7_7,90.6184
2024-05-27 18:00:00,2024-21,BTA El Ensueno,B7_7,89.4502
2024-06-01 11:00:00,2024-21,BTA El Ensueno,B7_7,89.283
2024-05-27 19:00:00,2024-21,BTA El Ensueno,B7_7,89.2066
2024-05-31 20:00:00,2024-21,BTA El Ensueno,B7_7,88.5112
2024-05-30 18:00:00,2024-21,BTA El Ensueno,B7_7,88.5034
2024-05-29 18:00:00,2024-21,BTA El Ensueno,B7_7,88.243
2024-06-01 23:00:00,2024-21,BTA El Ensueno,B7_7,87.9434
2024-05-31 18:00:00,2024-21,BTA El Ensueno,B7_7,87.6916
2024-05-28 22:00:00,2024-21,BTA El Ensueno,B7_7,86.6834
2024-05-29 22:00:00,2024-21,BTA El Ensueno,B7_7,86.4058
2024-05-27 17:00:00,2024-21,BTA El Ensueno,B7_7,86.2612
2024-05-26 12:00:00,2024-21,BTA El Ensueno,B7_7,86.0056
2024-05-28 19:00:00,2024-21,BTA El Ensueno,B7_7,85.81
2024-05-26 17:00:00,2024-21,BTA El Ensueno,B7_7,84.8342
2024-05-28 22:00:00,2024-21,BTA El Ensueno,B7_8,87.878
2024-05-27 21:00:00,2024-21,BTA El Ensueno,B7_8,86.7028
2024-05-30 20:00:00,2024-21,BTA El Ensueno,B7_8,86.6294
2024-05-30 21:00:00,2024-21,BTA El Ensueno,B7_8,84.5978
2024-05-30 18:00:00,2024-21,BTA El Ensueno,B7_8,82.8264
2024-05-30 19:00:00,2024-21,BTA El Ensueno,B7_8,82.455
2024-05-31 20:00:00,2024-21,BTA El Ensueno,B7_8,82.2936
2024-05-26 20:00:00,2024-21,BTA El Ensueno,B7_8,81.883
2024-05-26 18:00:00,2024-21,BTA El Ensueno,B7_8,81.8194
2024-06-01 21:00:00,2024-21,BTA El Ensueno,B7_8,80.9738
2024-05-29 19:00:00,2024-21,BTA El Ensueno,B7_8,80.9026
2024-05-26 15:00:00,2024-21,BTA El Ensueno,B7_8,80.6486
2024-05-27 19:00:00,2024-21,BTA El Ensueno,B7_8,79.608
2024-05-26 21:00:00,2024-21,BTA El Ensueno,B7_8,79.5352
2024-05-26 19:00:00,2024-21,BTA El Ensueno,B7_8,79.2476
2024-06-01 22:00:00,2024-21,BTA El Ensueno,B7_8,78.9968
2024-05-27 22:00:00,2024-21,BTA El Ensueno,B7_8,78.8236
2024-05-28 18:00:00,2024-21,BTA El Ensueno,B7_8,77.989
2024-05-27 20:00:00,2024-21,BTA El Ensueno,B7_8,77.5752
2024-05-28 19:00:00,2024-21,BTA El Ensueno,B7_8,77.4286
2024-06-01 20:00:00,2024-21,BTA El Ensueno,B7_8,77.2796
2024-05-28 21:00:00,2024-21,BTA El Ensueno,B7_8,76.0468
2024-05-26 14:00:00,2024-21,BTA El Ensueno,B7_8,75.5238
2024-05-28 17:00:00,2024-21,BTA El Ensueno,B7_8,75.0902
2024-05-30 22:00:00,2024-21,BTA El Ensueno,B7_8,74.7428
2024-05-28 20:00:00,2024-21,BTA El Ensueno,B7_8,73.2476
2024-06-01 19:00:00,2024-21,BTA El Ensueno,B7_8,73.0942
2024-05-29 20:00:00,2024-21,BTA El Ensueno,B7_8,72.0384
2024-06-01 15:00:00,2024-21,BTA El Ensueno,B7_8,70.535
2024-05-29 18:00:00,2024-21,BTA El Ensueno,B7_8,69.9806
2024-05-29 21:00:00,2024-21,BTA El Ensueno,B7_8,68.9328
2024-05-29 16:00:00,2024-21,BTA El Ensueno,B7_8,68.7908
2024-05-29 22:00:00,2024-21,BTA El Ensueno,B7_8,68.5576
2024-05-31 19:00:00,2024-21,BTA El Ensueno,B7_8,68.3242
2024-05-26 22:00:00,2024-21,BTA El Ensueno,B7_8,67.3376
2024-06-01 16:00:00,2024-21,BTA El Ensueno,B7_8,67.0868
2024-05-27 18:00:00,2024-21,BTA El Ensueno,B7_8,67.0036
2024-05-26 10:00:00,2024-21,BTA El Ensueno,B7_8,66.9836
2024-05-31 21:00:00,2024-21,BTA El Ensueno,B7_8,66.2774
2024-05-31 22:00:00,2024-21,BTA El Ensueno,B7_8,65.941
2024-05-30 16:00:00,2024-21,BTA El Ensueno,B7_8,65.9
2024-05-27 12:00:00,2024-21,BTA El Ensueno,B7_8,65.7094
2024-05-26 19:00:00,2024-21,BTA El Ensueno,B7_9,94.8232
2024-05-26 21:00:00,2024-21,BTA El Ensueno,B7_9,91.3002
2024-05-26 18:00:00,2024-21,BTA El Ensueno,B7_9,87.0216
2024-05-26 16:00:00,2024-21,BTA El Ensueno,B7_9,86.1028
2024-05-29 21:00:00,2024-21,BTA El Ensueno,B7_9,85.4902
2024-05-26 20:00:00,2024-21,BTA El Ensueno,B7_9,84.747
2024-05-30 21:00:00,2024-21,BTA El Ensueno,B7_9,83.9752
2024-05-26 17:00:00,2024-21,BTA El Ensueno,B7_9,82.8302
2024-05-26 22:00:00,2024-21,BTA El Ensueno,B7_9,82.2694
2024-05-28 21:00:00,2024-21,BTA El Ensueno,B7_9,81.3232
2024-06-01 21:00:00,2024-21,BTA El Ensueno,B7_9,80.9604
2024-05-31 22:00:00,2024-21,BTA El Ensueno,B7_9,79.6918
2024-05-27 21:00:00,2024-21,BTA El Ensueno,B7_9,77.7026
2024-05-27 19:00:00,2024-21,BTA El Ensueno,B7_9,77.36
2024-05-30 22:00:00,2024-21,BTA El Ensueno,B7_9,76.0014
2024-05-29 20:00:00,2024-21,BTA El Ensueno,B7_9,75.952
2024-06-01 22:00:00,2024-21,BTA El Ensueno,B7_9,75.8842
2024-05-27 22:00:00,2024-21,BTA El Ensueno,B7_9,75.7428
2024-05-29 19:00:00,2024-21,BTA El Ensueno,B7_9,74.7208
2024-05-29 22:00:00,2024-21,BTA El Ensueno,B7_9,74.6584
2024-05-30 20:00:00,2024-21,BTA El Ensueno,B7_9,74.5664
2024-05-26 10:00:00,2024-21,BTA El Ensueno,B7_9,74.4192
2024-06-01 19:00:00,2024-21,BTA El Ensueno,B7_9,74.1526
2024-05-30 19:00:00,2024-21,BTA El Ensueno,B7_9,73.484
2024-05-28 20:00:00,2024-21,BTA El Ensueno,B7_9,71.8756
2024-05-31 21:00:00,2024-21,BTA El Ensueno,B7_9,71.2228
2024-06-01 15:00:00,2024-21,BTA El Ensueno,B7_9,71.1192
2024-05-30 18:00:00,2024-21,BTA El Ensueno,B7_9,70.8766
2024-05-31 20:00:00,2024-21,BTA El Ensueno,B7_9,70.5212
2024-06-01 09:00:00,2024-21,BTA El Ensueno,B7_9,70.4328
2024-05-28 22:00:00,2024-21,BTA El Ensueno,B7_9,70.356
2024-05-31 17:00:00,2024-21,BTA El Ensueno,B7_9,69.2454
2024-05-31 18:00:00,2024-21,BTA El Ensueno,B7_9,67.3614
2024-06-01 12:00:00,2024-21,BTA El Ensueno,B7_9,66.9624
2024-05-27 16:00:00,2024-21,BTA El Ensueno,B7_9,66.9546
2024-06-01 18:00:00,2024-21,BTA El Ensueno,B7_9,66.9472
2024-05-27 20:00:00,2024-21,BTA El Ensueno,B7_9,66.601
2024-05-26 15:00:00,2024-21,BTA El Ensueno,B7_9,66.4652
2024-05-28 14:00:00,2024-21,BTA El Ensueno,B7_9,66.4182
2024-05-31 16:00:00,2024-21,BTA El Ensueno,B7_9,66.3626
2024-05-29 18:00:00,2024-21,BTA El Ensueno,B7_9,66.0168
2024-05-30 17:00:00,2024-21,BTA El Ensueno,B7_9,65.8176
2024-06-02 17:00:00,2024-22,BTA El Ensueno,AWS_1,98.2684
2024-06-02 19:00:00,2024-22,BTA El Ensueno,AWS_1,98.2654
2024-06-05 20:00:00,2024-22,BTA El Ensueno,AWS_1,98.2082
2024-06-02 18:00:00,2024-22,BTA El Ensueno,AWS_1,98.1464
2024-06-06 20:00:00,2024-22,BTA El Ensueno,AWS_1,97.9392
2024-06-03 19:00:00,2024-22,BTA El Ensueno,AWS_1,97.3302
2024-06-03 20:00:00,2024-22,BTA El Ensueno,AWS_1,97.3164
2024-06-04 20:00:00,2024-22,BTA El Ensueno,AWS_1,97.1494
2024-06-05 19:00:00,2024-22,BTA El Ensueno,AWS_1,97.1398
2024-06-06 18:00:00,2024-22,BTA El Ensueno,AWS_1,97.0726
2024-06-06 21:00:00,2024-22,BTA El Ensueno,AWS_1,97.0566
2024-06-05 18:00:00,2024-22,BTA El Ensueno,AWS_1,97.0086
2024-06-02 21:00:00,2024-22,BTA El Ensueno,AWS_1,96.9468
2024-06-05 21:00:00,2024-22,BTA El Ensueno,AWS_1,96.888
2024-06-05 09:00:00,2024-22,BTA El Ensueno,AWS_1,96.7816
2024-06-04 18:00:00,2024-22,BTA El Ensueno,AWS_1,96.7008
2024-06-03 21:00:00,2024-22,BTA El Ensueno,AWS_1,96.6848
2024-06-03 16:00:00,2024-22,BTA El Ensueno,AWS_1,96.5228
2024-06-03 18:00:00,2024-22,BTA El Ensueno,AWS_1,96.414
2024-06-07 13:00:00,2024-22,BTA El Ensueno,AWS_1,96.3204
2024-06-04 13:00:00,2024-22,BTA El Ensueno,AWS_1,96.2092
2024-06-02 20:00:00,2024-22,BTA El Ensueno,AWS_1,96.187
2024-06-02 14:00:00,2024-22,BTA El Ensueno,AWS_1,96.1528
2024-06-02 16:00:00,2024-22,BTA El Ensueno,AWS_1,96.081
2024-06-06 19:00:00,2024-22,BTA El Ensueno,AWS_1,95.8614
2024-06-05 17:00:00,2024-22,BTA El Ensueno,AWS_1,95.832
2024-06-02 13:00:00,2024-22,BTA El Ensueno,AWS_1,95.7262
2024-06-05 15:00:00,2024-22,BTA El Ensueno,AWS_1,95.661
2024-06-05 14:00:00,2024-22,BTA El Ensueno,AWS_1,95.204
2024-06-04 19:00:00,2024-22,BTA El Ensueno,AWS_1,95.0716
2024-06-06 14:00:00,2024-22,BTA El Ensueno,AWS_1,95.0264
2024-06-02 22:00:00,2024-22,BTA El Ensueno,AWS_1,95.0156
2024-06-03 10:00:00,2024-22,BTA El Ensueno,AWS_1,94.9894
2024-06-06 09:00:00,2024-22,BTA El Ensueno,AWS_1,94.8582
2024-06-04 17:00:00,2024-22,BTA El Ensueno,AWS_1,94.8342
2024-06-04 21:00:00,2024-22,BTA El Ensueno,AWS_1,94.7714
2024-06-05 16:00:00,2024-22,BTA El Ensueno,AWS_1,94.4638
2024-06-03 17:00:00,2024-22,BTA El Ensueno,AWS_1,94.4292
2024-06-02 12:00:00,2024-22,BTA El Ensueno,AWS_1,94.3308
2024-06-03 15:00:00,2024-22,BTA El Ensueno,AWS_1,94.233
2024-06-02 15:00:00,2024-22,BTA El Ensueno,AWS_1,93.709
2024-06-03 22:00:00,2024-22,BTA El Ensueno,AWS_1,93.6028
2024-06-04 20:00:00,2024-22,BTA El Ensueno,AWS_2,79.804
2024-06-08 20:00:00,2024-22,BTA El Ensueno,AWS_2,78.1356
2024-06-06 22:00:00,2024-22,BTA El Ensueno,AWS_2,77.1036
2024-06-02 22:00:00,2024-22,BTA El Ensueno,AWS_2,75.9244
2024-06-07 19:00:00,2024-22,BTA El Ensueno,AWS_2,74.6136
2024-06-05 20:00:00,2024-22,BTA El Ensueno,AWS_2,74.3448
2024-06-03 10:00:00,2024-22,BTA El Ensueno,AWS_2,73.9118
2024-06-03 22:00:00,2024-22,BTA El Ensueno,AWS_2,72.867
2024-06-06 21:00:00,2024-22,BTA El Ensueno,AWS_2,72.3704
2024-06-05 19:00:00,2024-22,BTA El Ensueno,AWS_2,72.3314
2024-06-04 19:00:00,2024-22,BTA El Ensueno,AWS_2,71.9378
2024-06-08 18:00:00,2024-22,BTA El Ensueno,AWS_2,71.8798
2024-06-05 21:00:00,2024-22,BTA El Ensueno,AWS_2,71.646
2024-06-03 20:00:00,2024-22,BTA El Ensueno,AWS_2,70.9168
2024-06-03 19:00:00,2024-22,BTA El Ensueno,AWS_2,70.6352
2024-06-03 18:00:00,2024-22,BTA El Ensueno,AWS_2,68.1368
2024-06-07 21:00:00,2024-22,BTA El Ensueno,AWS_2,67.3134
2024-06-06 19:00:00,2024-22,BTA El Ensueno,AWS_2,67.0712
2024-06-03 21:00:00,2024-22,BTA El Ensueno,AWS_2,66.7612
2024-06-08 22:00:00,2024-22,BTA El Ensueno,AWS_2,66.6742
2024-06-08 21:00:00,2024-22,BTA El Ensueno,AWS_2,66.602
2024-06-08 19:00:00,2024-22,BTA El Ensueno,AWS_2,66.2706
2024-06-07 20:00:00,2024-22,BTA El Ensueno,AWS_2,66.1444
2024-06-05 22:00:00,2024-22,BTA El Ensueno,AWS_2,65.9434
2024-06-02 17:00:00,2024-22,BTA El Ensueno,AWS_2,65.9396
2024-06-02 16:00:00,2024-22,BTA El Ensueno,AWS_2,65.3532
2024-06-04 17:00:00,2024-22,BTA El Ensueno,AWS_2,65.1312
2024-06-07 16:00:00,2024-22,BTA El Ensueno,AWS_2,64.9766
2024-06-08 23:00:00,2024-22,BTA El Ensueno,AWS_2,64.9124
2024-06-04 18:00:00,2024-22,BTA El Ensueno,AWS_2,64.5396
2024-06-06 20:00:00,2024-22,BTA El Ensueno,AWS_2,64.3488
2024-06-04 21:00:00,2024-22,BTA El Ensueno,AWS_2,63.58200000000001
2024-06-02 18:00:00,2024-22,BTA El Ensueno,AWS_2,63.5386
2024-06-07 22:00:00,2024-22,BTA El Ensueno,AWS_2,63.4336
2024-06-04 22:00:00,2024-22,BTA El Ensueno,AWS_2,63.17080000000001
2024-06-06 23:00:00,2024-22,BTA El Ensueno,AWS_2,62.8728
2024-06-02 23:00:00,2024-22,BTA El Ensueno,AWS_2,62.541000000000004
2024-06-02 09:00:00,2024-22,BTA El Ensueno,AWS_2,62.537
2024-06-03 11:00:00,2024-22,BTA El Ensueno,AWS_2,62.00600000000001
2024-06-07 17:00:00,2024-22,BTA El Ensueno,AWS_2,61.9636
2024-06-02 15:00:00,2024-22,BTA El Ensueno,AWS_2,60.1204
2024-06-07 18:00:00,2024-22,BTA El Ensueno,AWS_2,59.821400000000004
2024-06-04 20:00:00,2024-22,BTA El Ensueno,AWS_3,94.5526
2024-06-02 20:00:00,2024-22,BTA El Ensueno,AWS_3,92.5994
2024-06-02 18:00:00,2024-22,BTA El Ensueno,AWS_3,88.9962
2024-06-06 22:00:00,2024-22,BTA El Ensueno,AWS_3,88.4416
2024-06-06 21:00:00,2024-22,BTA El Ensueno,AWS_3,88.4258
2024-06-06 20:00:00,2024-22,BTA El Ensueno,AWS_3,88.06
2024-06-04 21:00:00,2024-22,BTA El Ensueno,AWS_3,87.2592
2024-06-03 19:00:00,2024-22,BTA El Ensueno,AWS_3,86.4042
2024-06-02 19:00:00,2024-22,BTA El Ensueno,AWS_3,86.3624
2024-06-08 21:00:00,2024-22,BTA El Ensueno,AWS_3,85.6192
2024-06-03 20:00:00,2024-22,BTA El Ensueno,AWS_3,85.182
2024-06-02 21:00:00,2024-22,BTA El Ensueno,AWS_3,84.8938
2024-06-03 18:00:00,2024-22,BTA El Ensueno,AWS_3,84.6696
2024-06-02 12:00:00,2024-22,BTA El Ensueno,AWS_3,84.424
2024-06-04 22:00:00,2024-22,BTA El Ensueno,AWS_3,84.3646
2024-06-07 22:00:00,2024-22,BTA El Ensueno,AWS_3,84.0854
2024-06-03 22:00:00,2024-22,BTA El Ensueno,AWS_3,83.661
2024-06-08 20:00:00,2024-22,BTA El Ensueno,AWS_3,83.2236
2024-06-02 22:00:00,2024-22,BTA El Ensueno,AWS_3,82.7884
2024-06-08 19:00:00,2024-22,BTA El Ensueno,AWS_3,82.047
2024-06-08 22:00:00,2024-22,BTA El Ensueno,AWS_3,81.415
2024-06-02 14:00:00,2024-22,BTA El Ensueno,AWS_3,81.3978
2024-06-07 19:00:00,2024-22,BTA El Ensueno,AWS_3,81.3878
2024-06-03 11:00:00,2024-22,BTA El Ensueno,AWS_3,81.0508
2024-06-02 17:00:00,2024-22,BTA El Ensueno,AWS_3,80.1306
2024-06-02 11:00:00,2024-22,BTA El Ensueno,AWS_3,79.9876
2024-06-03 21:00:00,2024-22,BTA El Ensueno,AWS_3,79.9596
2024-06-03 17:00:00,2024-22,BTA El Ensueno,AWS_3,79.24
2024-06-02 15:00:00,2024-22,BTA El Ensueno,AWS_3,79.1156
2024-06-06 19:00:00,2024-22,BTA El Ensueno,AWS_3,78.9278
2024-06-05 22:00:00,2024-22,BTA El Ensueno,AWS_3,78.2236
2024-06-07 21:00:00,2024-22,BTA El Ensueno,AWS_3,78.1544
2024-06-05 20:00:00,2024-22,BTA El Ensueno,AWS_3,76.8272
2024-06-05 18:00:00,2024-22,BTA El Ensueno,AWS_3,76.7372
2024-06-04 18:00:00,2024-22,BTA El Ensueno,AWS_3,76.2676
2024-06-04 19:00:00,2024-22,BTA El Ensueno,AWS_3,75.7348
2024-06-03 12:00:00,2024-22,BTA El Ensueno,AWS_3,75.5064
2024-06-07 23:00:00,2024-22,BTA El Ensueno,AWS_3,74.8196
2024-06-02 13:00:00,2024-22,BTA El Ensueno,AWS_3,73.2254
2024-06-07 18:00:00,2024-22,BTA El Ensueno,AWS_3,72.9114
2024-06-02 09:00:00,2024-22,BTA El Ensueno,AWS_3,72.8304
2024-06-05 19:00:00,2024-22,BTA El Ensueno,AWS_3,72.6506
2024-06-02 20:00:00,2024-22,BTA El Ensueno,B28_4,99.1358
2024-06-03 19:00:00,2024-22,BTA El Ensueno,B28_4,98.9298
2024-06-02 21:00:00,2024-22,BTA El Ensueno,B28_4,98.8938
2024-06-03 18:00:00,2024-22,BTA El Ensueno,B28_4,98.8788
2024-06-06 20:00:00,2024-22,BTA El Ensueno,B28_4,98.8424
2024-06-03 17:00:00,2024-22,BTA El Ensueno,B28_4,98.8104
2024-06-03 16:00:00,2024-22,BTA El Ensueno,B28_4,98.8092
2024-06-02 16:00:00,2024-22,BTA El Ensueno,B28_4,98.7844
2024-06-02 19:00:00,2024-22,BTA El Ensueno,B28_4,98.7648
2024-06-03 20:00:00,2024-22,BTA El Ensueno,B28_4,98.6084
2024-06-04 09:00:00,2024-22,BTA El Ensueno,B28_4,98.558
2024-06-02 18:00:00,2024-22,BTA El Ensueno,B28_4,98.3848
2024-06-05 20:00:00,2024-22,BTA El Ensueno,B28_4,98.3732
2024-06-05 18:00:00,2024-22,BTA El Ensueno,B28_4,98.354
2024-06-04 20:00:00,2024-22,BTA El Ensueno,B28_4,98.2804
2024-06-02 22:00:00,2024-22,BTA El Ensueno,B28_4,98.104
2024-06-02 15:00:00,2024-22,BTA El Ensueno,B28_4,98.0968
2024-06-04 13:00:00,2024-22,BTA El Ensueno,B28_4,98.042
2024-06-05 13:00:00,2024-22,BTA El Ensueno,B28_4,98.0204
2024-06-05 21:00:00,2024-22,BTA El Ensueno,B28_4,97.9518
2024-06-02 14:00:00,2024-22,BTA El Ensueno,B28_4,97.9298
2024-06-06 19:00:00,2024-22,BTA El Ensueno,B28_4,97.8966
2024-06-07 09:00:00,2024-22,BTA El Ensueno,B28_4,97.8934
2024-06-03 10:00:00,2024-22,BTA El Ensueno,B28_4,97.8836
2024-06-02 17:00:00,2024-22,BTA El Ensueno,B28_4,97.8682
2024-06-03 21:00:00,2024-22,BTA El Ensueno,B28_4,97.865
2024-06-03 11:00:00,2024-22,BTA El Ensueno,B28_4,97.8626
2024-06-04 18:00:00,2024-22,BTA El Ensueno,B28_4,97.721
2024-06-05 17:00:00,2024-22,BTA El Ensueno,B28_4,97.6952
2024-06-04 08:00:00,2024-22,BTA El Ensueno,B28_4,97.6514
2024-06-05 19:00:00,2024-22,BTA El Ensueno,B28_4,97.5464
2024-06-05 15:00:00,2024-22,BTA El Ensueno,B28_4,97.5416
2024-06-03 15:00:00,2024-22,BTA El Ensueno,B28_4,97.5278
2024-06-06 09:00:00,2024-22,BTA El Ensueno,B28_4,97.4842
2024-06-07 11:00:00,2024-22,BTA El Ensueno,B28_4,97.4154
2024-06-06 21:00:00,2024-22,BTA El Ensueno,B28_4,97.1756
2024-06-04 19:00:00,2024-22,BTA El Ensueno,B28_4,97.157
2024-06-06 13:00:00,2024-22,BTA El Ensueno,B28_4,97.116
2024-06-07 12:00:00,2024-22,BTA El Ensueno,B28_4,96.9754
2024-06-04 21:00:00,2024-22,BTA El Ensueno,B28_4,96.8892
2024-06-03 12:00:00,2024-22,BTA El Ensueno,B28_4,96.7342
2024-06-06 14:00:00,2024-22,BTA El Ensueno,B28_4,96.5982
2024-06-08 20:00:00,2024-22,BTA El Ensueno,B28_5,96.9854
2024-06-08 19:00:00,2024-22,BTA El Ensueno,B28_5,95.9058
2024-06-08 21:00:00,2024-22,BTA El Ensueno,B28_5,93.984
2024-06-03 10:00:00,2024-22,BTA El Ensueno,B28_5,93.255
2024-06-03 11:00:00,2024-22,BTA El Ensueno,B28_5,92.9692
2024-06-08 18:00:00,2024-22,BTA El Ensueno,B28_5,92.4684
2024-06-02 17:00:00,2024-22,BTA El Ensueno,B28_5,92.1304
2024-06-03 22:00:00,2024-22,BTA El Ensueno,B28_5,89.9434
2024-06-06 22:00:00,2024-22,BTA El Ensueno,B28_5,89.7986
2024-06-05 20:00:00,2024-22,BTA El Ensueno,B28_5,89.644
2024-06-04 20:00:00,2024-22,BTA El Ensueno,B28_5,89.0642
2024-06-02 22:00:00,2024-22,BTA El Ensueno,B28_5,88.7386
2024-06-03 20:00:00,2024-22,BTA El Ensueno,B28_5,87.9256
2024-06-08 22:00:00,2024-22,BTA El Ensueno,B28_5,87.9018
2024-06-07 22:00:00,2024-22,BTA El Ensueno,B28_5,87.0612
2024-06-02 18:00:00,2024-22,BTA El Ensueno,B28_5,86.72
2024-06-02 15:00:00,2024-22,BTA El Ensueno,B28_5,85.4292
2024-06-04 22:00:00,2024-22,BTA El Ensueno,B28_5,84.9258
2024-06-04 18:00:00,2024-22,BTA El Ensueno,B28_5,84.702
2024-06-03 09:00:00,2024-22,BTA El Ensueno,B28_5,83.9488
2024-06-07 19:00:00,2024-22,BTA El Ensueno,B28_5,83.9228
2024-06-04 21:00:00,2024-22,BTA El Ensueno,B28_5,82.6102
2024-06-08 17:00:00,2024-22,BTA El Ensueno,B28_5,82.3972
2024-06-02 16:00:00,2024-22,BTA El Ensueno,B28_5,82.1988
2024-06-03 21:00:00,2024-22,BTA El Ensueno,B28_5,81.8504
2024-06-08 10:00:00,2024-22,BTA El Ensueno,B28_5,81.8214
2024-06-06 21:00:00,2024-22,BTA El Ensueno,B28_5,81.6684
2024-06-08 09:00:00,2024-22,BTA El Ensueno,B28_5,81.4136
2024-06-02 21:00:00,2024-22,BTA El Ensueno,B28_5,80.6186
2024-06-07 09:00:00,2024-22,BTA El Ensueno,B28_5,80.564
2024-06-03 12:00:00,2024-22,BTA El Ensueno,B28_5,80.4946
2024-06-03 18:00:00,2024-22,BTA El Ensueno,B28_5,80.4172
2024-06-06 23:00:00,2024-22,BTA El Ensueno,B28_5,79.9904
2024-06-03 19:00:00,2024-22,BTA El Ensueno,B28_5,79.7328
2024-06-08 23:00:00,2024-22,BTA El Ensueno,B28_5,79.4914
2024-06-02 19:00:00,2024-22,BTA El Ensueno,B28_5,79.3082
2024-06-04 19:00:00,2024-22,BTA El Ensueno,B28_5,79.1566
2024-06-06 19:00:00,2024-22,BTA El Ensueno,B28_5,79.036
2024-06-07 21:00:00,2024-22,BTA El Ensueno,B28_5,78.9234
2024-06-03 17:00:00,2024-22,BTA El Ensueno,B28_5,78.5056
2024-06-05 21:00:00,2024-22,BTA El Ensueno,B28_5,78.436
2024-06-07 20:00:00,2024-22,BTA El Ensueno,B28_5,78.292
2024-06-03 18:00:00,2024-22,BTA El Ensueno,B28_6,97.9816
2024-06-02 21:00:00,2024-22,BTA El Ensueno,B28_6,97.9534
2024-06-08 21:00:00,2024-22,BTA El Ensueno,B28_6,97.6204
2024-06-05 19:00:00,2024-22,BTA El Ensueno,B28_6,97.6012
2024-06-06 20:00:00,2024-22,BTA El Ensueno,B28_6,97.2624
2024-06-04 18:00:00,2024-22,BTA El Ensueno,B28_6,97.2178
2024-06-03 19:00:00,2024-22,BTA El Ensueno,B28_6,96.9182
2024-06-05 20:00:00,2024-22,BTA El Ensueno,B28_6,96.9116
2024-06-04 19:00:00,2024-22,BTA El Ensueno,B28_6,96.8566
2024-06-02 18:00:00,2024-22,BTA El Ensueno,B28_6,96.6608
2024-06-06 21:00:00,2024-22,BTA El Ensueno,B28_6,96.6014
2024-06-04 20:00:00,2024-22,BTA El Ensueno,B28_6,96.5846
2024-06-04 22:00:00,2024-22,BTA El Ensueno,B28_6,96.2164
2024-06-02 20:00:00,2024-22,BTA El Ensueno,B28_6,96.1966
2024-06-03 20:00:00,2024-22,BTA El Ensueno,B28_6,96.0768
2024-06-05 21:00:00,2024-22,BTA El Ensueno,B28_6,96.0754
2024-06-07 21:00:00,2024-22,BTA El Ensueno,B28_6,95.8654
2024-06-03 21:00:00,2024-22,BTA El Ensueno,B28_6,95.7382
2024-06-03 22:00:00,2024-22,BTA El Ensueno,B28_6,95.5908
2024-06-02 19:00:00,2024-22,BTA El Ensueno,B28_6,95.5682
2024-06-02 13:00:00,2024-22,BTA El Ensueno,B28_6,95.3134
2024-06-05 22:00:00,2024-22,BTA El Ensueno,B28_6,95.3008
2024-06-08 19:00:00,2024-22,BTA El Ensueno,B28_6,95.019
2024-06-02 12:00:00,2024-22,BTA El Ensueno,B28_6,94.9726
2024-06-06 22:00:00,2024-22,BTA El Ensueno,B28_6,94.9596
2024-06-06 14:00:00,2024-22,BTA El Ensueno,B28_6,94.7332
2024-06-02 15:00:00,2024-22,BTA El Ensueno,B28_6,94.6752
2024-06-08 20:00:00,2024-22,BTA El Ensueno,B28_6,94.6506
2024-06-04 21:00:00,2024-22,BTA El Ensueno,B28_6,94.5976
2024-06-02 23:00:00,2024-22,BTA El Ensueno,B28_6,94.1582
2024-06-02 22:00:00,2024-22,BTA El Ensueno,B28_6,94.1426
2024-06-06 19:00:00,2024-22,BTA El Ensueno,B28_6,94.0826
2024-06-07 20:00:00,2024-22,BTA El Ensueno,B28_6,93.9948
2024-06-03 00:00:00,2024-22,BTA El Ensueno,B28_6,93.5604
2024-06-02 17:00:00,2024-22,BTA El Ensueno,B28_6,93.3456
2024-06-06 11:00:00,2024-22,BTA El Ensueno,B28_6,92.9992
2024-06-03 11:00:00,2024-22,BTA El Ensueno,B28_6,92.8286
2024-06-03 17:00:00,2024-22,BTA El Ensueno,B28_6,92.5376
2024-06-02 14:00:00,2024-22,BTA El Ensueno,B28_6,92.094
2024-06-07 22:00:00,2024-22,BTA El Ensueno,B28_6,91.8144
2024-06-07 23:00:00,2024-22,BTA El Ensueno,B28_6,91.7544
2024-06-03 10:00:00,2024-22,BTA El Ensueno,B28_6,91.7456
2024-06-06 19:00:00,2024-22,BTA El Ensueno,B7_7,98.8838
2024-06-06 20:00:00,2024-22,BTA El Ensueno,B7_7,98.7882
2024-06-02 20:00:00,2024-22,BTA El Ensueno,B7_7,98.7726
2024-06-03 18:00:00,2024-22,BTA El Ensueno,B7_7,98.7582
2024-06-05 20:00:00,2024-22,BTA El Ensueno,B7_7,98.584
2024-06-04 20:00:00,2024-22,BTA El Ensueno,B7_7,98.547
2024-06-04 21:00:00,2024-22,BTA El Ensueno,B7_7,98.3802
2024-06-06 21:00:00,2024-22,BTA El Ensueno,B7_7,98.37
2024-06-02 16:00:00,2024-22,BTA El Ensueno,B7_7,98.3628
2024-06-03 19:00:00,2024-22,BTA El Ensueno,B7_7,98.354
2024-06-05 19:00:00,2024-22,BTA El Ensueno,B7_7,98.3326
2024-06-03 17:00:00,2024-22,BTA El Ensueno,B7_7,98.33
2024-06-02 19:00:00,2024-22,BTA El Ensueno,B7_7,98.2614
2024-06-03 20:00:00,2024-22,BTA El Ensueno,B7_7,98.2322
2024-06-02 18:00:00,2024-22,BTA El Ensueno,B7_7,98.2268
2024-06-06 17:00:00,2024-22,BTA El Ensueno,B7_7,98.226
2024-06-02 21:00:00,2024-22,BTA El Ensueno,B7_7,97.8374
2024-06-02 17:00:00,2024-22,BTA El Ensueno,B7_7,97.738
2024-06-05 18:00:00,2024-22,BTA El Ensueno,B7_7,97.6398
2024-06-05 17:00:00,2024-22,BTA El Ensueno,B7_7,97.6348
2024-06-02 14:00:00,2024-22,BTA El Ensueno,B7_7,97.59
2024-06-03 21:00:00,2024-22,BTA El Ensueno,B7_7,97.428
2024-06-04 19:00:00,2024-22,BTA El Ensueno,B7_7,97.3002
2024-06-06 18:00:00,2024-22,BTA El Ensueno,B7_7,97.0386
2024-06-04 17:00:00,2024-22,BTA El Ensueno,B7_7,96.9784
2024-06-03 15:00:00,2024-22,BTA El Ensueno,B7_7,96.59
2024-06-04 18:00:00,2024-22,BTA El Ensueno,B7_7,96.513
2024-06-07 11:00:00,2024-22,BTA El Ensueno,B7_7,96.3944
2024-06-07 12:00:00,2024-22,BTA El Ensueno,B7_7,96.3362
2024-06-05 15:00:00,2024-22,BTA El Ensueno,B7_7,96.3338
2024-06-07 08:00:00,2024-22,BTA El Ensueno,B7_7,96.259
2024-06-03 12:00:00,2024-22,BTA El Ensueno,B7_7,96.1292
2024-06-07 13:00:00,2024-22,BTA El Ensueno,B7_7,96.0966
2024-06-07 09:00:00,2024-22,BTA El Ensueno,B7_7,96.022
2024-06-05 21:00:00,2024-22,BTA El Ensueno,B7_7,95.8094
2024-06-06 10:00:00,2024-22,BTA El Ensueno,B7_7,95.7804
2024-06-06 14:00:00,2024-22,BTA El Ensueno,B7_7,95.7678
2024-06-04 07:00:00,2024-22,BTA El Ensueno,B7_7,95.3686
2024-06-03 16:00:00,2024-22,BTA El Ensueno,B7_7,95.1734
2024-06-05 14:00:00,2024-22,BTA El Ensueno,B7_7,95.0814
2024-06-06 15:00:00,2024-22,BTA El Ensueno,B7_7,95.0726
2024-06-03 11:00:00,2024-22,BTA El Ensueno,B7_7,95.0564
2024-06-04 20:00:00,2024-22,BTA El Ensueno,B7_8,86.68
2024-06-05 20:00:00,2024-22,BTA El Ensueno,B7_8,85.9916
2024-06-03 10:00:00,2024-22,BTA El Ensueno,B7_8,85.6636
2024-06-02 17:00:00,2024-22,BTA El Ensueno,B7_8,83.0434
2024-06-02 22:00:00,2024-22,BTA El Ensueno,B7_8,82.7548
2024-06-08 21:00:00,2024-22,BTA El Ensueno,B7_8,82.3588
2024-06-06 21:00:00,2024-22,BTA El Ensueno,B7_8,81.8674
2024-06-06 22:00:00,2024-22,BTA El Ensueno,B7_8,81.471
2024-06-04 19:00:00,2024-22,BTA El Ensueno,B7_8,81.1854
2024-06-03 20:00:00,2024-22,BTA El Ensueno,B7_8,81.0186
2024-06-08 20:00:00,2024-22,BTA El Ensueno,B7_8,79.9734
2024-06-06 19:00:00,2024-22,BTA El Ensueno,B7_8,79.6782
2024-06-05 21:00:00,2024-22,BTA El Ensueno,B7_8,79.5254
2024-06-05 22:00:00,2024-22,BTA El Ensueno,B7_8,78.902
2024-06-08 18:00:00,2024-22,BTA El Ensueno,B7_8,78.835
2024-06-06 20:00:00,2024-22,BTA El Ensueno,B7_8,77.34
2024-06-07 19:00:00,2024-22,BTA El Ensueno,B7_8,77.299
2024-06-07 22:00:00,2024-22,BTA El Ensueno,B7_8,76.9586
2024-06-03 19:00:00,2024-22,BTA El Ensueno,B7_8,75.304
2024-06-03 17:00:00,2024-22,BTA El Ensueno,B7_8,74.8396
2024-06-05 19:00:00,2024-22,BTA El Ensueno,B7_8,74.6662
2024-06-03 22:00:00,2024-22,BTA El Ensueno,B7_8,74.2102
2024-06-02 20:00:00,2024-22,BTA El Ensueno,B7_8,73.8832
2024-06-02 18:00:00,2024-22,BTA El Ensueno,B7_8,73.8564
2024-06-04 18:00:00,2024-22,BTA El Ensueno,B7_8,73.639
2024-06-08 22:00:00,2024-22,BTA El Ensueno,B7_8,72.8736
2024-06-03 21:00:00,2024-22,BTA El Ensueno,B7_8,71.84
2024-06-07 21:00:00,2024-22,BTA El Ensueno,B7_8,71.7664
2024-06-07 14:00:00,2024-22,BTA El Ensueno,B7_8,71.6198
2024-06-04 21:00:00,2024-22,BTA El Ensueno,B7_8,71.2862
2024-06-03 18:00:00,2024-22,BTA El Ensueno,B7_8,70.4268
2024-06-02 15:00:00,2024-22,BTA El Ensueno,B7_8,69.992
2024-06-07 08:00:00,2024-22,BTA El Ensueno,B7_8,69.9728
2024-06-07 11:00:00,2024-22,BTA El Ensueno,B7_8,69.512
2024-06-07 18:00:00,2024-22,BTA El Ensueno,B7_8,69.4794
2024-06-08 19:00:00,2024-22,BTA El Ensueno,B7_8,69.3076
2024-06-06 13:00:00,2024-22,BTA El Ensueno,B7_8,69.3066
2024-06-08 08:00:00,2024-22,BTA El Ensueno,B7_8,69.2934
2024-06-08 17:00:00,2024-22,BTA El Ensueno,B7_8,69.2388
2024-06-02 16:00:00,2024-22,BTA El Ensueno,B7_8,69.1722
2024-06-07 20:00:00,2024-22,BTA El Ensueno,B7_8,68.9956
2024-06-04 22:00:00,2024-22,BTA El Ensueno,B7_8,68.6252
2024-06-02 20:00:00,2024-22,BTA El Ensueno,B7_9,90.5842
2024-06-06 22:00:00,2024-22,BTA El Ensueno,B7_9,88.5264
2024-06-08 20:00:00,2024-22,BTA El Ensueno,B7_9,88.4676
2024-06-04 20:00:00,2024-22,BTA El Ensueno,B7_9,87.4626
2024-06-02 18:00:00,2024-22,BTA El Ensueno,B7_9,86.2532
2024-06-06 20:00:00,2024-22,BTA El Ensueno,B7_9,85.5348
2024-06-02 19:00:00,2024-22,BTA El Ensueno,B7_9,85.4982
2024-06-04 21:00:00,2024-22,BTA El Ensueno,B7_9,85.0796
2024-06-06 21:00:00,2024-22,BTA El Ensueno,B7_9,84.6058
2024-06-02 21:00:00,2024-22,BTA El Ensueno,B7_9,84.091
2024-06-08 21:00:00,2024-22,BTA El Ensueno,B7_9,82.4028
2024-06-03 19:00:00,2024-22,BTA El Ensueno,B7_9,81.8484
2024-06-03 20:00:00,2024-22,BTA El Ensueno,B7_9,81.6062
2024-06-06 19:00:00,2024-22,BTA El Ensueno,B7_9,81.2482
2024-06-02 22:00:00,2024-22,BTA El Ensueno,B7_9,81.2002
2024-06-08 19:00:00,2024-22,BTA El Ensueno,B7_9,80.6
2024-06-04 19:00:00,2024-22,BTA El Ensueno,B7_9,79.5236
2024-06-02 17:00:00,2024-22,BTA El Ensueno,B7_9,78.1032
2024-06-03 11:00:00,2024-22,BTA El Ensueno,B7_9,77.0336
2024-06-03 18:00:00,2024-22,BTA El Ensueno,B7_9,76.7528
2024-06-03 21:00:00,2024-22,BTA El Ensueno,B7_9,75.666
2024-06-03 17:00:00,2024-22,BTA El Ensueno,B7_9,75.1444
2024-06-07 19:00:00,2024-22,BTA El Ensueno,B7_9,74.9924
2024-06-03 12:00:00,2024-22,BTA El Ensueno,B7_9,74.93
2024-06-02 14:00:00,2024-22,BTA El Ensueno,B7_9,74.3298
2024-06-04 22:00:00,2024-22,BTA El Ensueno,B7_9,74.162
2024-06-05 20:00:00,2024-22,BTA El Ensueno,B7_9,72.7978
2024-06-02 10:00:00,2024-22,BTA El Ensueno,B7_9,72.6914
2024-06-04 18:00:00,2024-22,BTA El Ensueno,B7_9,72.6538
2024-06-02 15:00:00,2024-22,BTA El Ensueno,B7_9,72.1808
2024-06-02 09:00:00,2024-22,BTA El Ensueno,B7_9,71.5768
2024-06-03 15:00:00,2024-22,BTA El Ensueno,B7_9,71.245
2024-06-08 18:00:00,2024-22,BTA El Ensueno,B7_9,70.932
2024-06-07 20:00:00,2024-22,BTA El Ensueno,B7_9,70.8992
2024-06-02 11:00:00,2024-22,BTA El Ensueno,B7_9,70.327
2024-06-05 22:00:00,2024-22,BTA El Ensueno,B7_9,70.3104
2024-06-02 16:00:00,2024-22,BTA El Ensueno,B7_9,69.9862
2024-06-08 22:00:00,2024-22,BTA El Ensueno,B7_9,69.0508
2024-06-03 22:00:00,2024-22,BTA El Ensueno,B7_9,68.9964
2024-06-05 19:00:00,2024-22,BTA El Ensueno,B7_9,68.6576
2024-06-05 18:00:00,2024-22,BTA El Ensueno,B7_9,67.3254
2024-06-02 12:00:00,2024-22,BTA El Ensueno,B7_9,67.1782
2024-06-12 22:00:00,2024-23,BTA El Ensueno,AWS_1,95.6798
2024-06-10 19:00:00,2024-23,BTA El Ensueno,AWS_1,91.6636
2024-06-11 21:00:00,2024-23,BTA El Ensueno,AWS_1,91.5304
2024-06-10 20:00:00,2024-23,BTA El Ensueno,AWS_1,91.3668
2024-06-10 16:00:00,2024-23,BTA El Ensueno,AWS_1,89.2932
2024-06-15 19:00:00,2024-23,BTA El Ensueno,AWS_1,89.1852
2024-06-11 22:00:00,2024-23,BTA El Ensueno,AWS_1,86.7422
2024-06-10 21:00:00,2024-23,BTA El Ensueno,AWS_1,86.5506
2024-06-15 21:00:00,2024-23,BTA El Ensueno,AWS_1,86.5224
2024-06-13 22:00:00,2024-23,BTA El Ensueno,AWS_1,86.4562
2024-06-14 19:00:00,2024-23,BTA El Ensueno,AWS_1,86.4152
2024-06-11 20:00:00,2024-23,BTA El Ensueno,AWS_1,85.9936
2024-06-11 19:00:00,2024-23,BTA El Ensueno,AWS_1,85.6672
2024-06-13 20:00:00,2024-23,BTA El Ensueno,AWS_1,85.4466
2024-06-13 19:00:00,2024-23,BTA El Ensueno,AWS_1,85.2058
2024-06-09 12:00:00,2024-23,BTA El Ensueno,AWS_1,84.878
2024-06-15 18:00:00,2024-23,BTA El Ensueno,AWS_1,84.8246
2024-06-12 20:00:00,2024-23,BTA El Ensueno,AWS_1,84.7376
2024-06-12 19:00:00,2024-23,BTA El Ensueno,AWS_1,84.362
2024-06-12 21:00:00,2024-23,BTA El Ensueno,AWS_1,83.9018
2024-06-15 20:00:00,2024-23,BTA El Ensueno,AWS_1,83.6516
2024-06-15 15:00:00,2024-23,BTA El Ensueno,AWS_1,83.6364
2024-06-15 16:00:00,2024-23,BTA El Ensueno,AWS_1,83.4054
2024-06-14 22:00:00,2024-23,BTA El Ensueno,AWS_1,83.1688
2024-06-13 13:00:00,2024-23,BTA El Ensueno,AWS_1,82.9334
2024-06-11 09:00:00,2024-23,BTA El Ensueno,AWS_1,82.527
2024-06-14 21:00:00,2024-23,BTA El Ensueno,AWS_1,81.7652
2024-06-14 20:00:00,2024-23,BTA El Ensueno,AWS_1,81.657
2024-06-12 07:00:00,2024-23,BTA El Ensueno,AWS_1,81.3068
2024-06-15 14:00:00,2024-23,BTA El Ensueno,AWS_1,81.1208
2024-06-09 13:00:00,2024-23,BTA El Ensueno,AWS_1,80.8668
2024-06-10 18:00:00,2024-23,BTA El Ensueno,AWS_1,80.6554
2024-06-11 17:00:00,2024-23,BTA El Ensueno,AWS_1,80.2994
2024-06-09 20:00:00,2024-23,BTA El Ensueno,AWS_1,80.2838
2024-06-12 18:00:00,2024-23,BTA El Ensueno,AWS_1,79.3244
2024-06-15 22:00:00,2024-23,BTA El Ensueno,AWS_1,78.894
2024-06-10 15:00:00,2024-23,BTA El Ensueno,AWS_1,78.823
2024-06-14 18:00:00,2024-23,BTA El Ensueno,AWS_1,78.1372
2024-06-11 11:00:00,2024-23,BTA El Ensueno,AWS_1,78.125
2024-06-13 21:00:00,2024-23,BTA El Ensueno,AWS_1,78.0602
2024-06-09 15:00:00,2024-23,BTA El Ensueno,AWS_1,77.9544
2024-06-11 18:00:00,2024-23,BTA El Ensueno,AWS_1,76.5332
2024-06-11 20:00:00,2024-23,BTA El Ensueno,AWS_2,89.8404
2024-06-15 22:00:00,2024-23,BTA El Ensueno,AWS_2,88.8332
2024-06-10 19:00:00,2024-23,BTA El Ensueno,AWS_2,88.697
2024-06-13 22:00:00,2024-23,BTA El Ensueno,AWS_2,87.0934
2024-06-13 21:00:00,2024-23,BTA El Ensueno,AWS_2,85.4024
2024-06-11 19:00:00,2024-23,BTA El Ensueno,AWS_2,84.2124
2024-06-09 20:00:00,2024-23,BTA El Ensueno,AWS_2,84.1596
2024-06-12 20:00:00,2024-23,BTA El Ensueno,AWS_2,83.5262
2024-06-12 19:00:00,2024-23,BTA El Ensueno,AWS_2,83.3582
2024-06-10 17:00:00,2024-23,BTA El Ensueno,AWS_2,82.143
2024-06-10 20:00:00,2024-23,BTA El Ensueno,AWS_2,80.7098
2024-06-11 21:00:00,2024-23,BTA El Ensueno,AWS_2,80.5384
2024-06-10 18:00:00,2024-23,BTA El Ensueno,AWS_2,80.2034
2024-06-13 23:00:00,2024-23,BTA El Ensueno,AWS_2,80.1012
2024-06-14 20:00:00,2024-23,BTA El Ensueno,AWS_2,79.8304
2024-06-09 19:00:00,2024-23,BTA El Ensueno,AWS_2,79.4754
2024-06-13 19:00:00,2024-23,BTA El Ensueno,AWS_2,78.396
2024-06-15 21:00:00,2024-23,BTA El Ensueno,AWS_2,78.1718
2024-06-12 21:00:00,2024-23,BTA El Ensueno,AWS_2,77.1084
2024-06-10 15:00:00,2024-23,BTA El Ensueno,AWS_2,75.9704
2024-06-14 21:00:00,2024-23,BTA El Ensueno,AWS_2,75.3288
2024-06-09 15:00:00,2024-23,BTA El Ensueno,AWS_2,74.8578
2024-06-13 20:00:00,2024-23,BTA El Ensueno,AWS_2,72.7434
2024-06-10 16:00:00,2024-23,BTA El Ensueno,AWS_2,72.6954
2024-06-10 22:00:00,2024-23,BTA El Ensueno,AWS_2,71.9346
2024-06-14 19:00:00,2024-23,BTA El Ensueno,AWS_2,71.6174
2024-06-09 10:00:00,2024-23,BTA El Ensueno,AWS_2,70.1976
2024-06-09 11:00:00,2024-23,BTA El Ensueno,AWS_2,70.02
2024-06-09 18:00:00,2024-23,BTA El Ensueno,AWS_2,69.1024
2024-06-11 22:00:00,2024-23,BTA El Ensueno,AWS_2,67.5666
2024-06-09 14:00:00,2024-23,BTA El Ensueno,AWS_2,66.9266
2024-06-15 17:00:00,2024-23,BTA El Ensueno,AWS_2,65.8216
2024-06-12 22:00:00,2024-23,BTA El Ensueno,AWS_2,65.808
2024-06-10 13:00:00,2024-23,BTA El Ensueno,AWS_2,65.7586
2024-06-10 21:00:00,2024-23,BTA El Ensueno,AWS_2,65.435
2024-06-13 18:00:00,2024-23,BTA El Ensueno,AWS_2,65.3802
2024-06-15 20:00:00,2024-23,BTA El Ensueno,AWS_2,65.1442
2024-06-15 15:00:00,2024-23,BTA El Ensueno,AWS_2,64.9266
2024-06-10 14:00:00,2024-23,BTA El Ensueno,AWS_2,64.8674
2024-06-09 12:00:00,2024-23,BTA El Ensueno,AWS_2,64.735
2024-06-15 16:00:00,2024-23,BTA El Ensueno,AWS_2,64.2154
2024-06-14 22:00:00,2024-23,BTA El Ensueno,AWS_2,64.084
2024-06-14 20:00:00,2024-23,BTA El Ensueno,AWS_3,92.9986
2024-06-10 18:00:00,2024-23,BTA El Ensueno,AWS_3,91.1184
2024-06-10 20:00:00,2024-23,BTA El Ensueno,AWS_3,90.5612
2024-06-10 19:00:00,2024-23,BTA El Ensueno,AWS_3,90.4196
2024-06-15 21:00:00,2024-23,BTA El Ensueno,AWS_3,88.7824
2024-06-10 17:00:00,2024-23,BTA El Ensueno,AWS_3,88.5016
2024-06-14 21:00:00,2024-23,BTA El Ensueno,AWS_3,88.0424
2024-06-12 19:00:00,2024-23,BTA El Ensueno,AWS_3,87.6354
2024-06-11 19:00:00,2024-23,BTA El Ensueno,AWS_3,87.3848
2024-06-09 20:00:00,2024-23,BTA El Ensueno,AWS_3,85.8774
2024-06-12 20:00:00,2024-23,BTA El Ensueno,AWS_3,83.7522
2024-06-15 19:00:00,2024-23,BTA El Ensueno,AWS_3,83.4898
2024-06-11 20:00:00,2024-23,BTA El Ensueno,AWS_3,83.36
2024-06-13 20:00:00,2024-23,BTA El Ensueno,AWS_3,82.8714
2024-06-10 21:00:00,2024-23,BTA El Ensueno,AWS_3,82.7886
2024-06-12 21:00:00,2024-23,BTA El Ensueno,AWS_3,82.7712
2024-06-14 19:00:00,2024-23,BTA El Ensueno,AWS_3,82.139
2024-06-11 21:00:00,2024-23,BTA El Ensueno,AWS_3,81.8988
2024-06-15 20:00:00,2024-23,BTA El Ensueno,AWS_3,81.721
2024-06-11 18:00:00,2024-23,BTA El Ensueno,AWS_3,79.619
2024-06-09 19:00:00,2024-23,BTA El Ensueno,AWS_3,79.0426
2024-06-09 21:00:00,2024-23,BTA El Ensueno,AWS_3,78.9276
2024-06-10 16:00:00,2024-23,BTA El Ensueno,AWS_3,78.7784
2024-06-09 22:00:00,2024-23,BTA El Ensueno,AWS_3,77.4914
2024-06-10 22:00:00,2024-23,BTA El Ensueno,AWS_3,76.4438
2024-06-11 22:00:00,2024-23,BTA El Ensueno,AWS_3,76.4052
2024-06-12 22:00:00,2024-23,BTA El Ensueno,AWS_3,76.2392
2024-06-13 19:00:00,2024-23,BTA El Ensueno,AWS_3,75.5832
2024-06-15 22:00:00,2024-23,BTA El Ensueno,AWS_3,75.4392
2024-06-09 17:00:00,2024-23,BTA El Ensueno,AWS_3,75.1892
2024-06-13 21:00:00,2024-23,BTA El Ensueno,AWS_3,74.6738
2024-06-10 14:00:00,2024-23,BTA El Ensueno,AWS_3,74.5732
2024-06-15 16:00:00,2024-23,BTA El Ensueno,AWS_3,74.206
2024-06-09 14:00:00,2024-23,BTA El Ensueno,AWS_3,73.3616
2024-06-14 22:00:00,2024-23,BTA El Ensueno,AWS_3,73.1696
2024-06-09 15:00:00,2024-23,BTA El Ensueno,AWS_3,73.134
2024-06-09 13:00:00,2024-23,BTA El Ensueno,AWS_3,73.1172
2024-06-12 18:00:00,2024-23,BTA El Ensueno,AWS_3,72.7242
2024-06-15 17:00:00,2024-23,BTA El Ensueno,AWS_3,72.4632
2024-06-09 18:00:00,2024-23,BTA El Ensueno,AWS_3,71.8542
2024-06-15 18:00:00,2024-23,BTA El Ensueno,AWS_3,71.0672
2024-06-15 23:00:00,2024-23,BTA El Ensueno,AWS_3,70.7654
2024-06-10 19:00:00,2024-23,BTA El Ensueno,B28_4,97.4092
2024-06-10 20:00:00,2024-23,BTA El Ensueno,B28_4,96.8602
2024-06-12 22:00:00,2024-23,BTA El Ensueno,B28_4,95.4478
2024-06-10 16:00:00,2024-23,BTA El Ensueno,B28_4,95.0116
2024-06-10 22:00:00,2024-23,BTA El Ensueno,B28_4,94.1734
2024-06-11 20:00:00,2024-23,BTA El Ensueno,B28_4,93.2172
2024-06-09 19:00:00,2024-23,BTA El Ensueno,B28_4,91.8248
2024-06-15 19:00:00,2024-23,BTA El Ensueno,B28_4,91.7146
2024-06-15 21:00:00,2024-23,BTA El Ensueno,B28_4,91.1794
2024-06-09 11:00:00,2024-23,BTA El Ensueno,B28_4,90.9614
2024-06-09 20:00:00,2024-23,BTA El Ensueno,B28_4,90.6964
2024-06-13 21:00:00,2024-23,BTA El Ensueno,B28_4,90.6082
2024-06-12 19:00:00,2024-23,BTA El Ensueno,B28_4,90.5936
2024-06-11 21:00:00,2024-23,BTA El Ensueno,B28_4,90.5164
2024-06-11 19:00:00,2024-23,BTA El Ensueno,B28_4,90.3374
2024-06-10 15:00:00,2024-23,BTA El Ensueno,B28_4,89.8848
2024-06-15 15:00:00,2024-23,BTA El Ensueno,B28_4,89.4178
2024-06-14 21:00:00,2024-23,BTA El Ensueno,B28_4,89.3418
2024-06-10 21:00:00,2024-23,BTA El Ensueno,B28_4,89.0126
2024-06-12 21:00:00,2024-23,BTA El Ensueno,B28_4,88.3412
2024-06-15 22:00:00,2024-23,BTA El Ensueno,B28_4,87.8302
2024-06-13 22:00:00,2024-23,BTA El Ensueno,B28_4,87.2984
2024-06-15 20:00:00,2024-23,BTA El Ensueno,B28_4,87.0794
2024-06-13 18:00:00,2024-23,BTA El Ensueno,B28_4,87.0088
2024-06-14 19:00:00,2024-23,BTA El Ensueno,B28_4,86.6604
2024-06-14 16:00:00,2024-23,BTA El Ensueno,B28_4,86.6462
2024-06-10 14:00:00,2024-23,BTA El Ensueno,B28_4,86.378
2024-06-10 17:00:00,2024-23,BTA El Ensueno,B28_4,86.3208
2024-06-12 20:00:00,2024-23,BTA El Ensueno,B28_4,85.8616
2024-06-13 19:00:00,2024-23,BTA El Ensueno,B28_4,85.77
2024-06-09 18:00:00,2024-23,BTA El Ensueno,B28_4,85.5696
2024-06-09 21:00:00,2024-23,BTA El Ensueno,B28_4,85.4012
2024-06-09 13:00:00,2024-23,BTA El Ensueno,B28_4,84.7732
2024-06-14 13:00:00,2024-23,BTA El Ensueno,B28_4,84.697
2024-06-13 20:00:00,2024-23,BTA El Ensueno,B28_4,84.4568
2024-06-10 23:00:00,2024-23,BTA El Ensueno,B28_4,84.2508
2024-06-14 20:00:00,2024-23,BTA El Ensueno,B28_4,83.8924
2024-06-11 22:00:00,2024-23,BTA El Ensueno,B28_4,83.8298
2024-06-15 12:00:00,2024-23,BTA El Ensueno,B28_4,83.714
2024-06-15 16:00:00,2024-23,BTA El Ensueno,B28_4,83.4336
2024-06-12 18:00:00,2024-23,BTA El Ensueno,B28_4,83.3606
2024-06-14 18:00:00,2024-23,BTA El Ensueno,B28_4,83.0256
2024-06-10 19:00:00,2024-23,BTA El Ensueno,B28_5,94.1858
2024-06-12 19:00:00,2024-23,BTA El Ensueno,B28_5,93.912
2024-06-10 18:00:00,2024-23,BTA El Ensueno,B28_5,92.6106
2024-06-15 21:00:00,2024-23,BTA El Ensueno,B28_5,92.4834
2024-06-10 17:00:00,2024-23,BTA El Ensueno,B28_5,92.2026
2024-06-09 19:00:00,2024-23,BTA El Ensueno,B28_5,92.002
2024-06-13 21:00:00,2024-23,BTA El Ensueno,B28_5,90.8604
2024-06-09 21:00:00,2024-23,BTA El Ensueno,B28_5,90.661
2024-06-09 20:00:00,2024-23,BTA El Ensueno,B28_5,90.62
2024-06-11 20:00:00,2024-23,BTA El Ensueno,B28_5,90.6086
2024-06-11 21:00:00,2024-23,BTA El Ensueno,B28_5,90.428
2024-06-11 19:00:00,2024-23,BTA El Ensueno,B28_5,89.5672
2024-06-09 10:00:00,2024-23,BTA El Ensueno,B28_5,89.4968
2024-06-10 20:00:00,2024-23,BTA El Ensueno,B28_5,89.281
2024-06-13 22:00:00,2024-23,BTA El Ensueno,B28_5,88.9614
2024-06-12 20:00:00,2024-23,BTA El Ensueno,B28_5,88.9468
2024-06-15 22:00:00,2024-23,BTA El Ensueno,B28_5,88.8976
2024-06-10 21:00:00,2024-23,BTA El Ensueno,B28_5,88.8862
2024-06-09 09:00:00,2024-23,BTA El Ensueno,B28_5,88.6156
2024-06-09 18:00:00,2024-23,BTA El Ensueno,B28_5,88.0994
2024-06-10 15:00:00,2024-23,BTA El Ensueno,B28_5,88.063
2024-06-12 21:00:00,2024-23,BTA El Ensueno,B28_5,87.6806
2024-06-14 20:00:00,2024-23,BTA El Ensueno,B28_5,87.2316
2024-06-09 12:00:00,2024-23,BTA El Ensueno,B28_5,87.1584
2024-06-10 22:00:00,2024-23,BTA El Ensueno,B28_5,87.105
2024-06-13 19:00:00,2024-23,BTA El Ensueno,B28_5,86.2416
2024-06-10 16:00:00,2024-23,BTA El Ensueno,B28_5,86.0584
2024-06-14 21:00:00,2024-23,BTA El Ensueno,B28_5,84.803
2024-06-13 20:00:00,2024-23,BTA El Ensueno,B28_5,84.7176
2024-06-15 20:00:00,2024-23,BTA El Ensueno,B28_5,84.5284
2024-06-09 13:00:00,2024-23,BTA El Ensueno,B28_5,83.9722
2024-06-11 22:00:00,2024-23,BTA El Ensueno,B28_5,82.785
2024-06-14 19:00:00,2024-23,BTA El Ensueno,B28_5,82.5396
2024-06-10 14:00:00,2024-23,BTA El Ensueno,B28_5,82.4346
2024-06-09 14:00:00,2024-23,BTA El Ensueno,B28_5,82.1992
2024-06-09 15:00:00,2024-23,BTA El Ensueno,B28_5,82.1002
2024-06-15 19:00:00,2024-23,BTA El Ensueno,B28_5,82.0108
2024-06-14 22:00:00,2024-23,BTA El Ensueno,B28_5,81.943
2024-06-10 13:00:00,2024-23,BTA El Ensueno,B28_5,81.7546
2024-06-09 16:00:00,2024-23,BTA El Ensueno,B28_5,81.7084
2024-06-12 18:00:00,2024-23,BTA El Ensueno,B28_5,81.1468
2024-06-14 18:00:00,2024-23,BTA El Ensueno,B28_5,80.8196
2024-06-10 21:00:00,2024-23,BTA El Ensueno,B28_6,98.8228
2024-06-12 21:00:00,2024-23,BTA El Ensueno,B28_6,97.9072
2024-06-12 20:00:00,2024-23,BTA El Ensueno,B28_6,97.8702
2024-06-15 20:00:00,2024-23,BTA El Ensueno,B28_6,97.3678
2024-06-10 20:00:00,2024-23,BTA El Ensueno,B28_6,97.1372
2024-06-10 19:00:00,2024-23,BTA El Ensueno,B28_6,97.1232
2024-06-11 21:00:00,2024-23,BTA El Ensueno,B28_6,96.811
2024-06-10 18:00:00,2024-23,BTA El Ensueno,B28_6,96.7474
2024-06-12 19:00:00,2024-23,BTA El Ensueno,B28_6,96.654
2024-06-11 22:00:00,2024-23,BTA El Ensueno,B28_6,96.627
2024-06-11 20:00:00,2024-23,BTA El Ensueno,B28_6,96.5286
2024-06-10 22:00:00,2024-23,BTA El Ensueno,B28_6,96.516
2024-06-10 12:00:00,2024-23,BTA El Ensueno,B28_6,95.8624
2024-06-11 18:00:00,2024-23,BTA El Ensueno,B28_6,95.7224
2024-06-09 19:00:00,2024-23,BTA El Ensueno,B28_6,95.6548
2024-06-11 19:00:00,2024-23,BTA El Ensueno,B28_6,95.631
2024-06-15 21:00:00,2024-23,BTA El Ensueno,B28_6,95.585
2024-06-13 20:00:00,2024-23,BTA El Ensueno,B28_6,95.1598
2024-06-14 19:00:00,2024-23,BTA El Ensueno,B28_6,95.0228
2024-06-12 22:00:00,2024-23,BTA El Ensueno,B28_6,94.8308
2024-06-10 13:00:00,2024-23,BTA El Ensueno,B28_6,94.1572
2024-06-15 22:00:00,2024-23,BTA El Ensueno,B28_6,94.09
2024-06-14 20:00:00,2024-23,BTA El Ensueno,B28_6,94.0054
2024-06-09 11:00:00,2024-23,BTA El Ensueno,B28_6,93.712
2024-06-15 15:00:00,2024-23,BTA El Ensueno,B28_6,92.667
2024-06-09 14:00:00,2024-23,BTA El Ensueno,B28_6,92.1552
2024-06-09 12:00:00,2024-23,BTA El Ensueno,B28_6,91.742
2024-06-10 11:00:00,2024-23,BTA El Ensueno,B28_6,91.653
2024-06-12 18:00:00,2024-23,BTA El Ensueno,B28_6,91.6154
2024-06-10 15:00:00,2024-23,BTA El Ensueno,B28_6,91.5754
2024-06-10 17:00:00,2024-23,BTA El Ensueno,B28_6,91.5328
2024-06-09 20:00:00,2024-23,BTA El Ensueno,B28_6,91.4978
2024-06-11 17:00:00,2024-23,BTA El Ensueno,B28_6,91.2362
2024-06-15 19:00:00,2024-23,BTA El Ensueno,B28_6,91.0416
2024-06-14 21:00:00,2024-23,BTA El Ensueno,B28_6,90.9918
2024-06-14 18:00:00,2024-23,BTA El Ensueno,B28_6,90.9238
2024-06-15 11:00:00,2024-23,BTA El Ensueno,B28_6,90.877
2024-06-15 09:00:00,2024-23,BTA El Ensueno,B28_6,90.7124
2024-06-09 13:00:00,2024-23,BTA El Ensueno,B28_6,90.4636
2024-06-15 18:00:00,2024-23,BTA El Ensueno,B28_6,90.3574
2024-06-15 12:00:00,2024-23,BTA El Ensueno,B28_6,90.312
2024-06-10 14:00:00,2024-23,BTA El Ensueno,B28_6,89.9942
2024-06-10 19:00:00,2024-23,BTA El Ensueno,B7_7,97.477
2024-06-12 22:00:00,2024-23,BTA El Ensueno,B7_7,93.544
2024-06-10 20:00:00,2024-23,BTA El Ensueno,B7_7,93.0844
2024-06-15 19:00:00,2024-23,BTA El Ensueno,B7_7,92.6676
2024-06-10 21:00:00,2024-23,BTA El Ensueno,B7_7,92.6648
2024-06-15 15:00:00,2024-23,BTA El Ensueno,B7_7,90.905
2024-06-10 16:00:00,2024-23,BTA El Ensueno,B7_7,90.5496
2024-06-10 17:00:00,2024-23,BTA El Ensueno,B7_7,90.191
2024-06-11 21:00:00,2024-23,BTA El Ensueno,B7_7,90.1496
2024-06-12 21:00:00,2024-23,BTA El Ensueno,B7_7,90.1206
2024-06-14 21:00:00,2024-23,BTA El Ensueno,B7_7,89.9908
2024-06-12 20:00:00,2024-23,BTA El Ensueno,B7_7,89.7052
2024-06-11 19:00:00,2024-23,BTA El Ensueno,B7_7,89.242
2024-06-15 21:00:00,2024-23,BTA El Ensueno,B7_7,89.0244
2024-06-09 18:00:00,2024-23,BTA El Ensueno,B7_7,88.8832
2024-06-13 14:00:00,2024-23,BTA El Ensueno,B7_7,88.7764
2024-06-11 20:00:00,2024-23,BTA El Ensueno,B7_7,88.7404
2024-06-09 20:00:00,2024-23,BTA El Ensueno,B7_7,88.5742
2024-06-10 15:00:00,2024-23,BTA El Ensueno,B7_7,88.3874
2024-06-14 20:00:00,2024-23,BTA El Ensueno,B7_7,88.1898
2024-06-15 22:00:00,2024-23,BTA El Ensueno,B7_7,88.1646
2024-06-13 19:00:00,2024-23,BTA El Ensueno,B7_7,87.8882
2024-06-13 20:00:00,2024-23,BTA El Ensueno,B7_7,87.6544
2024-06-10 18:00:00,2024-23,BTA El Ensueno,B7_7,86.7686
2024-06-13 13:00:00,2024-23,BTA El Ensueno,B7_7,86.1502
2024-06-10 14:00:00,2024-23,BTA El Ensueno,B7_7,85.8924
2024-06-15 16:00:00,2024-23,BTA El Ensueno,B7_7,85.8168
2024-06-09 21:00:00,2024-23,BTA El Ensueno,B7_7,85.7658
2024-06-13 22:00:00,2024-23,BTA El Ensueno,B7_7,85.657
2024-06-09 11:00:00,2024-23,BTA El Ensueno,B7_7,85.5458
2024-06-15 20:00:00,2024-23,BTA El Ensueno,B7_7,85.516
2024-06-12 18:00:00,2024-23,BTA El Ensueno,B7_7,85.5004
2024-06-13 15:00:00,2024-23,BTA El Ensueno,B7_7,85.149
2024-06-09 13:00:00,2024-23,BTA El Ensueno,B7_7,85.145
2024-06-15 18:00:00,2024-23,BTA El Ensueno,B7_7,84.954
2024-06-14 19:00:00,2024-23,BTA El Ensueno,B7_7,84.8172
2024-06-13 18:00:00,2024-23,BTA El Ensueno,B7_7,84.7986
2024-06-10 22:00:00,2024-23,BTA El Ensueno,B7_7,84.6336
2024-06-09 12:00:00,2024-23,BTA El Ensueno,B7_7,84.498
2024-06-12 19:00:00,2024-23,BTA El Ensueno,B7_7,84.448
2024-06-11 17:00:00,2024-23,BTA El Ensueno,B7_7,84.2812
2024-06-12 17:00:00,2024-23,BTA El Ensueno,B7_7,84.1536
2024-06-10 19:00:00,2024-23,BTA El Ensueno,B7_8,94.1652
2024-06-10 18:00:00,2024-23,BTA El Ensueno,B7_8,89.5086
2024-06-11 20:00:00,2024-23,BTA El Ensueno,B7_8,89.001
2024-06-09 11:00:00,2024-23,BTA El Ensueno,B7_8,87.7686
2024-06-10 17:00:00,2024-23,BTA El Ensueno,B7_8,87.6044
2024-06-13 22:00:00,2024-23,BTA El Ensueno,B7_8,87.2138
2024-06-11 21:00:00,2024-23,BTA El Ensueno,B7_8,86.7498
2024-06-10 15:00:00,2024-23,BTA El Ensueno,B7_8,86.5956
2024-06-13 19:00:00,2024-23,BTA El Ensueno,B7_8,86.418
2024-06-11 19:00:00,2024-23,BTA El Ensueno,B7_8,85.9752
2024-06-10 20:00:00,2024-23,BTA El Ensueno,B7_8,85.9108
2024-06-12 19:00:00,2024-23,BTA El Ensueno,B7_8,85.4404
2024-06-09 19:00:00,2024-23,BTA El Ensueno,B7_8,85.1102
2024-06-10 22:00:00,2024-23,BTA El Ensueno,B7_8,84.9728
2024-06-13 21:00:00,2024-23,BTA El Ensueno,B7_8,83.4646
2024-06-09 20:00:00,2024-23,BTA El Ensueno,B7_8,83.3816
2024-06-15 22:00:00,2024-23,BTA El Ensueno,B7_8,82.755
2024-06-12 21:00:00,2024-23,BTA El Ensueno,B7_8,82.6612
2024-06-15 21:00:00,2024-23,BTA El Ensueno,B7_8,81.5944
2024-06-10 16:00:00,2024-23,BTA El Ensueno,B7_8,80.907
2024-06-09 21:00:00,2024-23,BTA El Ensueno,B7_8,80.783
2024-06-14 20:00:00,2024-23,BTA El Ensueno,B7_8,80.3108
2024-06-09 12:00:00,2024-23,BTA El Ensueno,B7_8,79.99
2024-06-13 20:00:00,2024-23,BTA El Ensueno,B7_8,79.7366
2024-06-14 21:00:00,2024-23,BTA El Ensueno,B7_8,79.2922
2024-06-10 21:00:00,2024-23,BTA El Ensueno,B7_8,79.2116
2024-06-12 20:00:00,2024-23,BTA El Ensueno,B7_8,79.1128
2024-06-15 15:00:00,2024-23,BTA El Ensueno,B7_8,78.0972
2024-06-09 18:00:00,2024-23,BTA El Ensueno,B7_8,78.0218
2024-06-11 23:00:00,2024-23,BTA El Ensueno,B7_8,77.6174
2024-06-15 08:00:00,2024-23,BTA El Ensueno,B7_8,77.3428
2024-06-09 10:00:00,2024-23,BTA El Ensueno,B7_8,77.3238
2024-06-09 13:00:00,2024-23,BTA El Ensueno,B7_8,76.6456
2024-06-09 22:00:00,2024-23,BTA El Ensueno,B7_8,74.6742
2024-06-15 18:00:00,2024-23,BTA El Ensueno,B7_8,74.3916
2024-06-09 15:00:00,2024-23,BTA El Ensueno,B7_8,74.3692
2024-06-09 14:00:00,2024-23,BTA El Ensueno,B7_8,73.798
2024-06-15 09:00:00,2024-23,BTA El Ensueno,B7_8,73.6196
2024-06-14 19:00:00,2024-23,BTA El Ensueno,B7_8,73.226
2024-06-12 22:00:00,2024-23,BTA El Ensueno,B7_8,72.8682
2024-06-15 16:00:00,2024-23,BTA El Ensueno,B7_8,72.8162
2024-06-12 14:00:00,2024-23,BTA El Ensueno,B7_8,72.7878
2024-06-10 20:00:00,2024-23,BTA El Ensueno,B7_9,90.919
2024-06-10 18:00:00,2024-23,BTA El Ensueno,B7_9,89.7724
2024-06-09 20:00:00,2024-23,BTA El Ensueno,B7_9,89.3614
2024-06-13 20:00:00,2024-23,BTA El Ensueno,B7_9,88.3654
2024-06-14 20:00:00,2024-23,BTA El Ensueno,B7_9,88.1972
2024-06-10 19:00:00,2024-23,BTA El Ensueno,B7_9,87.7864
2024-06-15 21:00:00,2024-23,BTA El Ensueno,B7_9,86.547
2024-06-15 20:00:00,2024-23,BTA El Ensueno,B7_9,84.7934
2024-06-15 19:00:00,2024-23,BTA El Ensueno,B7_9,84.571
2024-06-10 21:00:00,2024-23,BTA El Ensueno,B7_9,84.5072
2024-06-14 21:00:00,2024-23,BTA El Ensueno,B7_9,84.0558
2024-06-11 19:00:00,2024-23,BTA El Ensueno,B7_9,83.2182
2024-06-09 19:00:00,2024-23,BTA El Ensueno,B7_9,81.5536
2024-06-10 17:00:00,2024-23,BTA El Ensueno,B7_9,81.396
2024-06-15 22:00:00,2024-23,BTA El Ensueno,B7_9,80.6556
2024-06-14 19:00:00,2024-23,BTA El Ensueno,B7_9,78.8384
2024-06-13 19:00:00,2024-23,BTA El Ensueno,B7_9,77.8046
2024-06-11 20:00:00,2024-23,BTA El Ensueno,B7_9,77.4294
2024-06-09 17:00:00,2024-23,BTA El Ensueno,B7_9,76.4996
2024-06-12 19:00:00,2024-23,BTA El Ensueno,B7_9,76.4746
2024-06-12 20:00:00,2024-23,BTA El Ensueno,B7_9,76.183
2024-06-12 21:00:00,2024-23,BTA El Ensueno,B7_9,75.242
2024-06-13 21:00:00,2024-23,BTA El Ensueno,B7_9,74.982
2024-06-10 14:00:00,2024-23,BTA El Ensueno,B7_9,74.2518
2024-06-09 21:00:00,2024-23,BTA El Ensueno,B7_9,74.1698
2024-06-11 21:00:00,2024-23,BTA El Ensueno,B7_9,74.0854
2024-06-10 22:00:00,2024-23,BTA El Ensueno,B7_9,73.4376
2024-06-11 18:00:00,2024-23,BTA El Ensueno,B7_9,73.3192
2024-06-09 11:00:00,2024-23,BTA El Ensueno,B7_9,72.9276
2024-06-10 16:00:00,2024-23,BTA El Ensueno,B7_9,72.8722
2024-06-12 22:00:00,2024-23,BTA El Ensueno,B7_9,72.6122
2024-06-09 18:00:00,2024-23,BTA El Ensueno,B7_9,72.0358
2024-06-15 18:00:00,2024-23,BTA El Ensueno,B7_9,70.5368
2024-06-09 22:00:00,2024-23,BTA El Ensueno,B7_9,70.3118
2024-06-14 22:00:00,2024-23,BTA El Ensueno,B7_9,69.9654
2024-06-09 15:00:00,2024-23,BTA El Ensueno,B7_9,69.73
2024-06-10 12:00:00,2024-23,BTA El Ensueno,B7_9,68.9248
2024-06-09 14:00:00,2024-23,BTA El Ensueno,B7_9,68.8258
2024-06-09 16:00:00,2024-23,BTA El Ensueno,B7_9,68.7094
2024-06-09 13:00:00,2024-23,BTA El Ensueno,B7_9,68.3972
2024-06-09 12:00:00,2024-23,BTA El Ensueno,B7_9,67.9954
2024-06-15 15:00:00,2024-23,BTA El Ensueno,B7_9,67.8374
2024-06-18 19:00:00,2024-24,BTA El Ensueno,AWS_1,93.677
2024-06-19 19:00:00,2024-24,BTA El Ensueno,AWS_1,92.135
2024-06-18 21:00:00,2024-24,BTA El Ensueno,AWS_1,89.9394
2024-06-16 20:00:00,2024-24,BTA El Ensueno,AWS_1,89.4662
2024-06-17 21:00:00,2024-24,BTA El Ensueno,AWS_1,88.935
2024-06-19 21:00:00,2024-24,BTA El Ensueno,AWS_1,88.9274
2024-06-17 19:00:00,2024-24,BTA El Ensueno,AWS_1,88.8846
2024-06-18 22:00:00,2024-24,BTA El Ensueno,AWS_1,88.4874
2024-06-20 20:00:00,2024-24,BTA El Ensueno,AWS_1,87.7706
2024-06-19 18:00:00,2024-24,BTA El Ensueno,AWS_1,87.7128
2024-06-17 20:00:00,2024-24,BTA El Ensueno,AWS_1,87.4298
2024-06-17 22:00:00,2024-24,BTA El Ensueno,AWS_1,86.8456
2024-06-17 18:00:00,2024-24,BTA El Ensueno,AWS_1,86.1964
2024-06-18 20:00:00,2024-24,BTA El Ensueno,AWS_1,86.1774
2024-06-16 21:00:00,2024-24,BTA El Ensueno,AWS_1,85.9216
2024-06-19 20:00:00,2024-24,BTA El Ensueno,AWS_1,85.439
2024-06-18 18:00:00,2024-24,BTA El Ensueno,AWS_1,84.8564
2024-06-19 17:00:00,2024-24,BTA El Ensueno,AWS_1,84.8496
2024-06-16 15:00:00,2024-24,BTA El Ensueno,AWS_1,84.3014
2024-06-16 13:00:00,2024-24,BTA El Ensueno,AWS_1,83.5906
2024-06-16 16:00:00,2024-24,BTA El Ensueno,AWS_1,83.297
2024-06-20 18:00:00,2024-24,BTA El Ensueno,AWS_1,82.4266
2024-06-16 17:00:00,2024-24,BTA El Ensueno,AWS_1,82.3974
2024-06-18 13:00:00,2024-24,BTA El Ensueno,AWS_1,82.3226
2024-06-20 19:00:00,2024-24,BTA El Ensueno,AWS_1,81.9388
2024-06-19 22:00:00,2024-24,BTA El Ensueno,AWS_1,81.7716
2024-06-18 14:00:00,2024-24,BTA El Ensueno,AWS_1,81.2426
2024-06-17 17:00:00,2024-24,BTA El Ensueno,AWS_1,80.8218
2024-06-20 21:00:00,2024-24,BTA El Ensueno,AWS_1,80.637
2024-06-16 14:00:00,2024-24,BTA El Ensueno,AWS_1,80.016
2024-06-19 22:00:00,2024-24,BTA El Ensueno,AWS_2,81.4286
2024-06-17 14:00:00,2024-24,BTA El Ensueno,AWS_2,78.389
2024-06-17 22:00:00,2024-24,BTA El Ensueno,AWS_2,77.2706
2024-06-19 19:00:00,2024-24,BTA El Ensueno,AWS_2,76.4688
2024-06-18 21:00:00,2024-24,BTA El Ensueno,AWS_2,76.1244
2024-06-20 20:00:00,2024-24,BTA El Ensueno,AWS_2,75.2714
2024-06-19 21:00:00,2024-24,BTA El Ensueno,AWS_2,72.863
2024-06-17 21:00:00,2024-24,BTA El Ensueno,AWS_2,71.651
2024-06-17 20:00:00,2024-24,BTA El Ensueno,AWS_2,71.1474
2024-06-20 21:00:00,2024-24,BTA El Ensueno,AWS_2,70.0898
2024-06-16 21:00:00,2024-24,BTA El Ensueno,AWS_2,69.9986
2024-06-17 19:00:00,2024-24,BTA El Ensueno,AWS_2,69.859
2024-06-18 22:00:00,2024-24,BTA El Ensueno,AWS_2,69.4454
2024-06-18 19:00:00,2024-24,BTA El Ensueno,AWS_2,68.6608
2024-06-16 20:00:00,2024-24,BTA El Ensueno,AWS_2,66.0898
2024-06-20 19:00:00,2024-24,BTA El Ensueno,AWS_2,65.9166
2024-06-18 20:00:00,2024-24,BTA El Ensueno,AWS_2,65.815
2024-06-19 18:00:00,2024-24,BTA El Ensueno,AWS_2,65.5188
2024-06-17 18:00:00,2024-24,BTA El Ensueno,AWS_2,65.3212
2024-06-20 22:00:00,2024-24,BTA El Ensueno,AWS_2,63.992599999999996
2024-06-18 16:00:00,2024-24,BTA El Ensueno,AWS_2,62.8906
2024-06-19 20:00:00,2024-24,BTA El Ensueno,AWS_2,62.3122
2024-06-17 23:00:00,2024-24,BTA El Ensueno,AWS_2,61.9746
2024-06-16 22:00:00,2024-24,BTA El Ensueno,AWS_2,61.8064
2024-06-20 13:00:00,2024-24,BTA El Ensueno,AWS_2,61.7336
2024-06-17 17:00:00,2024-24,BTA El Ensueno,AWS_2,61.6474
2024-06-20 18:00:00,2024-24,BTA El Ensueno,AWS_2,60.69799999999999
2024-06-16 11:00:00,2024-24,BTA El Ensueno,AWS_2,60.067400000000006
2024-06-19 10:00:00,2024-24,BTA El Ensueno,AWS_2,59.8298
2024-06-16 10:00:00,2024-24,BTA El Ensueno,AWS_2,59.4932
2024-06-16 17:00:00,2024-24,BTA El Ensueno,AWS_3,98.1214
2024-06-16 16:00:00,2024-24,BTA El Ensueno,AWS_3,97.8346
2024-06-17 21:00:00,2024-24,BTA El Ensueno,AWS_3,95.1954
2024-06-17 22:00:00,2024-24,BTA El Ensueno,AWS_3,90.8702
2024-06-19 22:00:00,2024-24,BTA El Ensueno,AWS_3,89.254
2024-06-20 20:00:00,2024-24,BTA El Ensueno,AWS_3,88.1456
2024-06-20 21:00:00,2024-24,BTA El Ensueno,AWS_3,86.008
2024-06-17 12:00:00,2024-24,BTA El Ensueno,AWS_3,85.9444
2024-06-19 17:00:00,2024-24,BTA El Ensueno,AWS_3,84.7318
2024-06-19 21:00:00,2024-24,BTA El Ensueno,AWS_3,84.4952
2024-06-16 21:00:00,2024-24,BTA El Ensueno,AWS_3,83.7596
2024-06-16 15:00:00,2024-24,BTA El Ensueno,AWS_3,83.3952
2024-06-16 20:00:00,2024-24,BTA El Ensueno,AWS_3,82.3626
2024-06-17 20:00:00,2024-24,BTA El Ensueno,AWS_3,82.1598
2024-06-18 19:00:00,2024-24,BTA El Ensueno,AWS_3,82.025
2024-06-18 21:00:00,2024-24,BTA El Ensueno,AWS_3,81.9056
2024-06-20 19:00:00,2024-24,BTA El Ensueno,AWS_3,81.6054
2024-06-16 22:00:00,2024-24,BTA El Ensueno,AWS_3,81.0772
2024-06-18 20:00:00,2024-24,BTA El Ensueno,AWS_3,80.9044
2024-06-18 18:00:00,2024-24,BTA El Ensueno,AWS_3,80.7906
2024-06-20 18:00:00,2024-24,BTA El Ensueno,AWS_3,79.3642
2024-06-19 19:00:00,2024-24,BTA El Ensueno,AWS_3,79.3166
2024-06-19 20:00:00,2024-24,BTA El Ensueno,AWS_3,78.7448
2024-06-16 14:00:00,2024-24,BTA El Ensueno,AWS_3,78.3926
2024-06-20 22:00:00,2024-24,BTA El Ensueno,AWS_3,78.3568
2024-06-18 22:00:00,2024-24,BTA El Ensueno,AWS_3,78.1568
2024-06-17 19:00:00,2024-24,BTA El Ensueno,AWS_3,77.8802
2024-06-17 23:00:00,2024-24,BTA El Ensueno,AWS_3,76.808
2024-06-16 19:00:00,2024-24,BTA El Ensueno,AWS_3,73.7732
2024-06-20 14:00:00,2024-24,BTA El Ensueno,AWS_3,73.383
2024-06-18 21:00:00,2024-24,BTA El Ensueno,B28_4,95.424
2024-06-18 22:00:00,2024-24,BTA El Ensueno,B28_4,93.8638
2024-06-19 21:00:00,2024-24,BTA El Ensueno,B28_4,92.7432
2024-06-17 19:00:00,2024-24,BTA El Ensueno,B28_4,92.5584
2024-06-17 22:00:00,2024-24,BTA El Ensueno,B28_4,92.4324
2024-06-19 20:00:00,2024-24,BTA El Ensueno,B28_4,91.9088
2024-06-19 19:00:00,2024-24,BTA El Ensueno,B28_4,90.8098
2024-06-19 18:00:00,2024-24,BTA El Ensueno,B28_4,90.7694
2024-06-17 21:00:00,2024-24,BTA El Ensueno,B28_4,90.6276
2024-06-17 18:00:00,2024-24,BTA El Ensueno,B28_4,90.5768
2024-06-16 20:00:00,2024-24,BTA El Ensueno,B28_4,90.1602
2024-06-20 20:00:00,2024-24,BTA El Ensueno,B28_4,90.0314
2024-06-18 19:00:00,2024-24,BTA El Ensueno,B28_4,89.829
2024-06-19 22:00:00,2024-24,BTA El Ensueno,B28_4,89.7956
2024-06-19 17:00:00,2024-24,BTA El Ensueno,B28_4,89.4132
2024-06-18 20:00:00,2024-24,BTA El Ensueno,B28_4,89.3608
2024-06-17 20:00:00,2024-24,BTA El Ensueno,B28_4,89.218
2024-06-16 21:00:00,2024-24,BTA El Ensueno,B28_4,88.3296
2024-06-16 14:00:00,2024-24,BTA El Ensueno,B28_4,87.7922
2024-06-16 17:00:00,2024-24,BTA El Ensueno,B28_4,87.1758
2024-06-20 21:00:00,2024-24,BTA El Ensueno,B28_4,86.8424
2024-06-20 19:00:00,2024-24,BTA El Ensueno,B28_4,86.8344
2024-06-16 16:00:00,2024-24,BTA El Ensueno,B28_4,85.373
2024-06-16 15:00:00,2024-24,BTA El Ensueno,B28_4,85.0126
2024-06-17 12:00:00,2024-24,BTA El Ensueno,B28_4,84.9638
2024-06-17 11:00:00,2024-24,BTA El Ensueno,B28_4,84.883
2024-06-18 17:00:00,2024-24,BTA El Ensueno,B28_4,84.4774
2024-06-16 13:00:00,2024-24,BTA El Ensueno,B28_4,84.282
2024-06-18 12:00:00,2024-24,BTA El Ensueno,B28_4,83.2804
2024-06-20 22:00:00,2024-24,BTA El Ensueno,B28_4,82.848
2024-06-17 14:00:00,2024-24,BTA El Ensueno,B28_5,94.9212
2024-06-19 22:00:00,2024-24,BTA El Ensueno,B28_5,93.6068
2024-06-17 22:00:00,2024-24,BTA El Ensueno,B28_5,90.5702
2024-06-18 21:00:00,2024-24,BTA El Ensueno,B28_5,89.4868
2024-06-20 11:00:00,2024-24,BTA El Ensueno,B28_5,89.0378
2024-06-17 21:00:00,2024-24,BTA El Ensueno,B28_5,87.7354
2024-06-17 23:00:00,2024-24,BTA El Ensueno,B28_5,87.7338
2024-06-18 20:00:00,2024-24,BTA El Ensueno,B28_5,87.1524
2024-06-19 17:00:00,2024-24,BTA El Ensueno,B28_5,86.7336
2024-06-20 19:00:00,2024-24,BTA El Ensueno,B28_5,86.514
2024-06-17 19:00:00,2024-24,BTA El Ensueno,B28_5,85.378
2024-06-20 20:00:00,2024-24,BTA El Ensueno,B28_5,85.0524
2024-06-19 19:00:00,2024-24,BTA El Ensueno,B28_5,85.0376
2024-06-17 20:00:00,2024-24,BTA El Ensueno,B28_5,84.7772
2024-06-16 20:00:00,2024-24,BTA El Ensueno,B28_5,84.1484
2024-06-16 21:00:00,2024-24,BTA El Ensueno,B28_5,82.5374
2024-06-20 18:00:00,2024-24,BTA El Ensueno,B28_5,82.4734
2024-06-19 21:00:00,2024-24,BTA El Ensueno,B28_5,81.6038
2024-06-20 22:00:00,2024-24,BTA El Ensueno,B28_5,81.3482
2024-06-20 13:00:00,2024-24,BTA El Ensueno,B28_5,80.5962
2024-06-20 21:00:00,2024-24,BTA El Ensueno,B28_5,80.3986
2024-06-19 14:00:00,2024-24,BTA El Ensueno,B28_5,80.2258
2024-06-18 19:00:00,2024-24,BTA El Ensueno,B28_5,79.3644
2024-06-18 22:00:00,2024-24,BTA El Ensueno,B28_5,79.1216
2024-06-19 18:00:00,2024-24,BTA El Ensueno,B28_5,78.7246
2024-06-16 11:00:00,2024-24,BTA El Ensueno,B28_5,77.7904
2024-06-16 10:00:00,2024-24,BTA El Ensueno,B28_5,77.6118
2024-06-20 15:00:00,2024-24,BTA El Ensueno,B28_5,77.4568
2024-06-20 17:00:00,2024-24,BTA El Ensueno,B28_5,77.2614
2024-06-20 14:00:00,2024-24,BTA El Ensueno,B28_5,77.0028
2024-06-17 21:00:00,2024-24,BTA El Ensueno,B28_6,98.5406
2024-06-17 20:00:00,2024-24,BTA El Ensueno,B28_6,98.4052
2024-06-17 22:00:00,2024-24,BTA El Ensueno,B28_6,97.5664
2024-06-16 20:00:00,2024-24,BTA El Ensueno,B28_6,97.5396
2024-06-20 20:00:00,2024-24,BTA El Ensueno,B28_6,97.3696
2024-06-16 07:00:00,2024-24,BTA El Ensueno,B28_6,96.9554
2024-06-18 23:00:00,2024-24,BTA El Ensueno,B28_6,96.9372
2024-06-19 21:00:00,2024-24,BTA El Ensueno,B28_6,96.8882
2024-06-16 10:00:00,2024-24,BTA El Ensueno,B28_6,96.771
2024-06-16 11:00:00,2024-24,BTA El Ensueno,B28_6,96.765
2024-06-20 21:00:00,2024-24,BTA El Ensueno,B28_6,96.522
2024-06-16 08:00:00,2024-24,BTA El Ensueno,B28_6,96.4488
2024-06-16 05:00:00,2024-24,BTA El Ensueno,B28_6,96.3964
2024-06-19 22:00:00,2024-24,BTA El Ensueno,B28_6,96.3016
2024-06-16 09:00:00,2024-24,BTA El Ensueno,B28_6,96.289
2024-06-16 16:00:00,2024-24,BTA El Ensueno,B28_6,96.046
2024-06-20 18:00:00,2024-24,BTA El Ensueno,B28_6,95.9878
2024-06-20 19:00:00,2024-24,BTA El Ensueno,B28_6,95.5526
2024-06-16 17:00:00,2024-24,BTA El Ensueno,B28_6,95.4986
2024-06-17 19:00:00,2024-24,BTA El Ensueno,B28_6,95.4416
2024-06-16 04:00:00,2024-24,BTA El Ensueno,B28_6,95.408
2024-06-20 22:00:00,2024-24,BTA El Ensueno,B28_6,95.2566
2024-06-16 18:00:00,2024-24,BTA El Ensueno,B28_6,95.163
2024-06-16 19:00:00,2024-24,BTA El Ensueno,B28_6,95.0882
2024-06-16 21:00:00,2024-24,BTA El Ensueno,B28_6,94.5382
2024-06-16 12:00:00,2024-24,BTA El Ensueno,B28_6,94.0042
2024-06-16 06:00:00,2024-24,BTA El Ensueno,B28_6,93.6392
2024-06-16 15:00:00,2024-24,BTA El Ensueno,B28_6,93.6206
2024-06-17 14:00:00,2024-24,BTA El Ensueno,B28_6,93.5648
2024-06-18 21:00:00,2024-24,BTA El Ensueno,B28_6,93.3224
2024-06-19 19:00:00,2024-24,BTA El Ensueno,B7_7,95.6918
2024-06-18 21:00:00,2024-24,BTA El Ensueno,B7_7,95.1636
2024-06-18 22:00:00,2024-24,BTA El Ensueno,B7_7,94.9562
2024-06-19 21:00:00,2024-24,BTA El Ensueno,B7_7,94.2158
2024-06-17 19:00:00,2024-24,BTA El Ensueno,B7_7,93.3602
2024-06-20 19:00:00,2024-24,BTA El Ensueno,B7_7,93.2334
2024-06-19 20:00:00,2024-24,BTA El Ensueno,B7_7,93.1532
2024-06-19 18:00:00,2024-24,BTA El Ensueno,B7_7,92.4156
2024-06-20 20:00:00,2024-24,BTA El Ensueno,B7_7,91.6846
2024-06-16 20:00:00,2024-24,BTA El Ensueno,B7_7,91.559
2024-06-18 20:00:00,2024-24,BTA El Ensueno,B7_7,91.2922
2024-06-17 20:00:00,2024-24,BTA El Ensueno,B7_7,91.0906
2024-06-18 19:00:00,2024-24,BTA El Ensueno,B7_7,90.6608
2024-06-17 18:00:00,2024-24,BTA El Ensueno,B7_7,89.7794
2024-06-17 21:00:00,2024-24,BTA El Ensueno,B7_7,89.4048
2024-06-20 18:00:00,2024-24,BTA El Ensueno,B7_7,89.3804
2024-06-16 17:00:00,2024-24,BTA El Ensueno,B7_7,89.1884
2024-06-16 21:00:00,2024-24,BTA El Ensueno,B7_7,89.07
2024-06-20 21:00:00,2024-24,BTA El Ensueno,B7_7,88.501
2024-06-17 17:00:00,2024-24,BTA El Ensueno,B7_7,88.2986
2024-06-18 18:00:00,2024-24,BTA El Ensueno,B7_7,88.1382
2024-06-16 15:00:00,2024-24,BTA El Ensueno,B7_7,87.9556
2024-06-19 17:00:00,2024-24,BTA El Ensueno,B7_7,87.9342
2024-06-17 22:00:00,2024-24,BTA El Ensueno,B7_7,87.4622
2024-06-19 11:00:00,2024-24,BTA El Ensueno,B7_7,87.1522
2024-06-16 16:00:00,2024-24,BTA El Ensueno,B7_7,86.61
2024-06-18 23:00:00,2024-24,BTA El Ensueno,B7_7,85.3336
2024-06-16 13:00:00,2024-24,BTA El Ensueno,B7_7,84.3752
2024-06-17 15:00:00,2024-24,BTA El Ensueno,B7_7,84.2184
2024-06-19 13:00:00,2024-24,BTA El Ensueno,B7_7,83.9092
2024-06-18 21:00:00,2024-24,BTA El Ensueno,B7_8,91.6398
2024-06-19 19:00:00,2024-24,BTA El Ensueno,B7_8,87.5716
2024-06-19 22:00:00,2024-24,BTA El Ensueno,B7_8,86.001
2024-06-19 21:00:00,2024-24,BTA El Ensueno,B7_8,85.484
2024-06-17 19:00:00,2024-24,BTA El Ensueno,B7_8,85.3344
2024-06-17 22:00:00,2024-24,BTA El Ensueno,B7_8,84.1136
2024-06-18 20:00:00,2024-24,BTA El Ensueno,B7_8,83.8614
2024-06-17 20:00:00,2024-24,BTA El Ensueno,B7_8,83.5886
2024-06-20 20:00:00,2024-24,BTA El Ensueno,B7_8,81.37
2024-06-17 21:00:00,2024-24,BTA El Ensueno,B7_8,81.3272
2024-06-16 21:00:00,2024-24,BTA El Ensueno,B7_8,79.5466
2024-06-20 21:00:00,2024-24,BTA El Ensueno,B7_8,78.6252
2024-06-18 19:00:00,2024-24,BTA El Ensueno,B7_8,77.3822
2024-06-19 18:00:00,2024-24,BTA El Ensueno,B7_8,77.1364
2024-06-18 18:00:00,2024-24,BTA El Ensueno,B7_8,77.0986
2024-06-17 23:00:00,2024-24,BTA El Ensueno,B7_8,77.0764
2024-06-18 22:00:00,2024-24,BTA El Ensueno,B7_8,76.1904
2024-06-17 14:00:00,2024-24,BTA El Ensueno,B7_8,75.7636
2024-06-20 18:00:00,2024-24,BTA El Ensueno,B7_8,75.738
2024-06-16 20:00:00,2024-24,BTA El Ensueno,B7_8,75.6252
2024-06-20 22:00:00,2024-24,BTA El Ensueno,B7_8,74.7766
2024-06-20 19:00:00,2024-24,BTA El Ensueno,B7_8,74.4968
2024-06-19 20:00:00,2024-24,BTA El Ensueno,B7_8,72.2402
2024-06-16 11:00:00,2024-24,BTA El Ensueno,B7_8,71.0292
2024-06-20 09:00:00,2024-24,BTA El Ensueno,B7_8,70.5588
2024-06-17 15:00:00,2024-24,BTA El Ensueno,B7_8,70.0568
2024-06-18 16:00:00,2024-24,BTA El Ensueno,B7_8,69.9832
2024-06-18 23:00:00,2024-24,BTA El Ensueno,B7_8,69.6206
2024-06-20 11:00:00,2024-24,BTA El Ensueno,B7_8,68.4498
2024-06-16 22:00:00,2024-24,BTA El Ensueno,B7_8,68.4252
2024-06-19 17:00:00,2024-24,BTA El Ensueno,B7_9,86.767
2024-06-20 20:00:00,2024-24,BTA El Ensueno,B7_9,86.4824
2024-06-18 19:00:00,2024-24,BTA El Ensueno,B7_9,82.4138
2024-06-19 22:00:00,2024-24,BTA El Ensueno,B7_9,82.3144
2024-06-16 19:00:00,2024-24,BTA El Ensueno,B7_9,82.2886
2024-06-20 19:00:00,2024-24,BTA El Ensueno,B7_9,81.445
2024-06-18 21:00:00,2024-24,BTA El Ensueno,B7_9,80.2398
2024-06-20 21:00:00,2024-24,BTA El Ensueno,B7_9,78.8064
2024-06-17 19:00:00,2024-24,BTA El Ensueno,B7_9,78.4612
2024-06-18 20:00:00,2024-24,BTA El Ensueno,B7_9,78.3546
2024-06-16 20:00:00,2024-24,BTA El Ensueno,B7_9,78.2678
2024-06-20 18:00:00,2024-24,BTA El Ensueno,B7_9,77.1198
2024-06-16 22:00:00,2024-24,BTA El Ensueno,B7_9,76.8716
2024-06-17 21:00:00,2024-24,BTA El Ensueno,B7_9,75.2682
2024-06-19 19:00:00,2024-24,BTA El Ensueno,B7_9,75.2268
2024-06-16 21:00:00,2024-24,BTA El Ensueno,B7_9,74.9876
2024-06-19 21:00:00,2024-24,BTA El Ensueno,B7_9,74.9768
2024-06-18 22:00:00,2024-24,BTA El Ensueno,B7_9,74.9372
2024-06-20 22:00:00,2024-24,BTA El Ensueno,B7_9,74.8288
2024-06-18 18:00:00,2024-24,BTA El Ensueno,B7_9,73.808
2024-06-16 14:00:00,2024-24,BTA El Ensueno,B7_9,73.644
2024-06-17 22:00:00,2024-24,BTA El Ensueno,B7_9,73.3504
2024-06-17 20:00:00,2024-24,BTA El Ensueno,B7_9,73.1522
2024-06-19 20:00:00,2024-24,BTA El Ensueno,B7_9,72.8692
2024-06-16 16:00:00,2024-24,BTA El Ensueno,B7_9,72.8084
2024-06-16 15:00:00,2024-24,BTA El Ensueno,B7_9,69.765
2024-06-17 12:00:00,2024-24,BTA El Ensueno,B7_9,69.1884
2024-06-16 17:00:00,2024-24,BTA El Ensueno,B7_9,67.3366
2024-06-16 18:00:00,2024-24,BTA El Ensueno,B7_9,65.8678
2024-06-20 17:00:00,2024-24,BTA El Ensueno,B7_9,64.99
